0,0,0,0,0,0,0,0,0,0,-0.779,-0.779,0,0.040892,0.58,0.58,0,0,-0.779,-0.779,-0.79,-0.77863,0,-0.653,-0.653,0,0,0,-0.79,0,0,0,0,-0.184,0,0,0,0.765,0.765,-0.653,0,0,brain
0,0,0,0,0,0,0,0,0,0,-0.802,-0.802,0,0,0.603,0.603,0,0,0,0,0,-0.79661,0,0,0,0,0,0,0,0,0,0,0,0,0.725,0.725,0,0.749,0.749,0,0,0,brain
0,0,0,0,0,0,-0.691,0,0,0,-0.685,-0.685,0,-0.027535,-0.633,-0.633,0,0,0,0,0,-0.68524,0,0,0,-0.661,0,0,0,0,0,0,0,0,0.717,0.717,-0.672,0.647,0.647,-0.667,0,0,brain
0,0,0,0,0,0,-0.831,0,0,0,-0.846,-0.846,0,-0.83978,0,0,0,0,0,0,0,-0.84595,-0.832,0,0,0,0,0,0,0,0,0,0,-0.11,0.759,0.759,0,0.788,0.788,0,0,0,brain
0.176,-0.365,-0.365,0.119,0.119,0.142,-0.985,-0.216,-0.216,0.178,-1.024,-1.024,0.176,-0.51208,-0.109,-0.109,-0.212,-0.337,0.101,0.101,-0.229,-1.0099,0.178,0.162,0.162,-1.037,0,0,-0.229,0,0,0,0,-0.165,0.157,0.157,0.157,1.12,1.12,-0.973,-0.477,-0.477,brain
0,0,0,-0.862,0,0,0,0.643,0.407,0.441,0.354,0,0,-0.9083,-0.121,-0.121,0,0,0.87,0.87,0.766,0.070274,0.042,-0.151,-0.151,0.579,1.233,0,0,0,0,0,0,-0.685,0.344,0.344,0.476,0,0,0,0,-0.861,brain
0,0,0,0,0,0,0,0,0,0,-0.921,-0.921,0,-0.0047079,0.762,0.762,0,0,0,0,0,-1.2929,0,0,0,0,0,0,0,0,0,0,0,0.148,0.814,0.814,0,0.919,0.919,0,0,0,brain
0,-0.652,-0.652,0,0,0,-0.756,0,0,0,-0.815,-0.815,0,0.015264,0,0,0,0,0,0,0,-0.81477,0,0,0,0,0,0,0,0,0,0,0,0,0,0,0,0.623,0.623,0,0,0,brain
0,0,0,0,0,0,0,0,0,0,-0.828,-0.828,0,-0.0024938,0.661,0.661,0,0,0,0,0,-0.82549,-0.795,0,0,-0.835,0,0,0,0,0,0,0,0,0.778,0.778,0,0,0,0,0,0,brain
0,0,0,0,0,0,0,0,0,0,-0.545,-0.545,0,-0.01037,0,0,0,0,0,0,0,-0.54509,-0.615,0,0,0,0,0,0,0,0,0,0,0,0,0,0,0,0,0,0,0,brain
0,0,0,0,0.892,0,-0.925,0,0,0,0,0,0,-0.034631,0,0,0,0,0,0,0,-0.062345,0,0,0,0.118,0,0,0,0.12,0,0,0,0,0,0,0,1.958,1.958,-0.715,0,0,brain
0,0,0,0,0,0,0,0,0,0.423,-0.429,-0.429,0,-0.030404,0.324,0.324,0,0,0,0,0,-0.4292,0.001,0,0,0,0,0,0,0,0,0,0,0,0.396,0.396,0,0.415,0.415,0,0,0,brain
0,-0.229,-0.229,-0.284,-0.284,0,0,-0.27,-0.27,0,-0.5,-0.5,0,-0.47776,0.374,0.374,-0.646,-0.646,0.806,0.806,0,-0.49486,0,0,0,-0.138,0.402,0.402,0,0,0,0.135,0.135,0,-0.392,-0.392,0.111,0.377,0.377,-0.154,-0.478,-0.478,brain
0.378,0.311,0.311,-0.215,-0.215,0.206,0.204,-0.188,-0.188,0.242,-1.293,-1.293,0.378,-0.69631,0,0,0.159,0.123,-0.171,-0.171,-0.168,-1.2929,0.242,-0.302,-0.302,0.115,0.253,0.253,-0.168,0.166,0.166,0.692,0.692,0,0.437,0.437,0.292,0.331,0.331,0.198,-0.738,-0.738,brain
0,0,0,0,0,0,-0.944,0,0,-0.907,-0.926,-0.926,0,0.033831,0,0,0,0,0,0,0,-0.9257,0,0,0,-0.905,0,0,0,0,0,0,0,-0.121,0,0,-0.931,0,0.945,0,0,0,brain
0,0,0,0,0,0,0,0,0,0,-0.616,-0.616,0,-0.63707,-0.363,0,0,0,0,0,0,-0.61556,0,0,0,-0.439,0,0,0,-0.231,-0.231,-0.442,-0.442,0,0.602,0.602,0,0.593,0.593,0,0,0,brain
0,-0.725,0,0,0,0,0,0,0,0,-0.75,-0.75,0,-0.010329,0,0,0,0,0,0,0,-1.0281,0,0,0,0,0,0,0,0,0,0,0,0,0,0,0,0,0,0,0,0,brain
0,0,0,0,0,0,0,0,0,0,-0.951,-0.951,0,0.011764,0.783,0.783,0,0,0,0,0,-0.95102,0,0,0,0,0,0,0,0,0,0,0,0,0.887,0.887,0,0,0,0,0,0,brain
0,0,0,0,0,0,-1.293,0,0,0,-1.103,-1.103,0,0.015587,0,0,0,0,0,0,0,-1.0743,0,0,0,0,0,0,0,0,0,0,0,-0.14,0,0,0,0,0,0,0,0,brain
0,0,0,0,0,0,0,0,0,0,-0.858,-0.858,0,0.017544,0,0,0,0,0,0,0,-0.85773,0,0,0,0,0,0,0,0,0,0,0,0,0.822,0.822,0,1.777,1.777,0,0,0,brain
0,0,0,0,0,0.108,-0.453,-0.134,-0.134,0.138,-0.914,-0.914,0,0.04344,0,0.497,-0.379,-0.913,0.331,0.331,-0.399,-0.91417,0.138,-1.293,0,-0.348,0,0,-0.399,0,0,0.169,0.169,-0.14,0.102,0.102,0,0.95,0.95,-0.382,0,0,brain
0,0.924,0.924,0.416,1.158,1.889,0,0,0,0,0,0,0,-0.05037,0,0,0,0,0,0,0,-0.023929,0,0,0,0,0,0.874,0,0,0,1.494,1.494,0.393,0,0,0,1.501,1.501,0,0,0,brain
-0.252,0,0,0,0,0,-0.257,0,0,-0.673,-0.748,-0.748,-0.252,0.10541,0,0,-0.332,-0.332,-0.334,-0.334,-0.339,-0.74829,-0.673,0,0,0,0,0,-0.339,0,0,-0.315,-0.315,-0.187,0,0,-0.623,0.483,0.483,-0.335,0.117,0.117,brain
-0.406,0,0,0,0,0,-0.329,0,0,0,0,0,-0.406,-0.45798,-0.175,-0.175,0,0,0,0,0,-0.057193,-0.321,0,0,0,0,0,0,0,0,0,0,0,0,0,0,0.855,0.855,0,-0.458,-0.458,brain
0,0,0,0,0,-0.19,0,0,0,0,-0.863,-0.863,0,-0.23183,0.66,0.66,0,0,-1.293,-1.293,-0.209,-0.86299,0,0,0,0,0,0,-0.209,0,0,-0.16,-0.16,-0.17,0,0,-0.81,0,0,0,-0.239,-0.239,brain
-0.896,0,0,-0.544,-0.544,-0.555,0,0,0,-1.092,-1.107,-1.107,-0.541,-0.53639,0,0,-0.551,-0.551,0,0,-1.101,-1.1074,-1.092,-0.568,-0.568,-0.57,0.1,0.1,-1.101,-0.571,-0.571,0,0,-0.364,0,0,-1.063,1.415,1.415,0,-0.536,-0.536,brain
0,0,0,0,0,0,0,0,0,0,-0.758,-0.758,0,0.0114,0,0.469,0,0,0,0,0,-0.75981,0,0,0,0,0.606,0.606,0,0,0,0,0,0,0.632,0.632,0,0.615,0.615,0,0,0,brain
1.539,0,0,0,0,0,-0.277,0,0,0,-0.852,-0.852,1.539,-0.074144,0,0,0,0,0.795,0.795,0,-1.2929,0,0,0,0,0,0,0,0,0,0,0,0,0,0,-0.89,0.526,0.526,0,0,0,brain
0,0,0,0,0,0,-0.112,0,0,0,-0.118,-0.118,0,0.012773,0,0,0,0,0,0,0,-0.11824,0,0,0,0,0,0,0,0,0,0,0,0,0,0,0,0.111,0.111,0,0,0,brain
0,0,0,0,0,0,0,0,0,0,-0.57,-0.57,0,-0.0071958,0.466,0.466,0,0,0,0,0,-0.56992,0,0,0,0,0,0,0,0,0,0,0,0,0,0,0,0.553,0.553,0,0,0,brain
0,0,0,0,0,0.439,-0.706,0,0,0,-0.76,-0.76,0,-0.50985,0.285,0.285,-0.587,-0.587,0,0,0.12,-0.7459,0,0.389,0.389,-0.559,1.124,0.532,0.12,0,0,0,0,0,0,0,0,0.658,0.658,0,-0.517,-0.517,brain
0,-0.984,-0.984,0,0,0,0,0,0,0,-1.041,-1.041,0,-0.0019399,0,0,0,0,0,0,0,-1.0413,0,0,0,0,0,0,0,0,0,0,0,0,0,0,0,1.195,1.195,0,0,0,brain
0,0,0,0,0,0,0,0,0,0,-1.126,-1.126,0,0.012655,1.102,1.102,0,0,0,0,0,-1.1349,0,0,0,0,0,0,0,0,0,0,0,0,1.214,1.214,0,1.27,1.27,0,0,0,brain
0,0,0,0,0,0,0,0,0,0,-0.727,-0.727,0,0.015168,0.603,0.603,0,0,0,0,0,-0.72712,-0.699,0,0,0,0,0,0,0,0,0,0,0,0.667,0.667,0,0.689,0.689,0,0,0,brain
-0.545,0,0,0,0,0,0.179,0,0,0,-0.547,-0.547,-0.545,-0.0083914,0.46,0.46,0,0,0,0,0,-0.5474,0,0,0,-0.555,0,0,0,0,0,0,0,0,0,0,0,0.526,0.526,0,0,0,brain
0,1.195,0.16,0,0,0,0,0,0,0,0,0,0,-0.054372,0,0,0,0,0,0,0,-0.010596,0,0,0,0,0.18,0.18,0,0,0,1.032,0,0,0,0,0,1.561,1.561,0,0,0,brain
0,0,0,0,0,0,0,0,0,0,-0.524,-0.524,0,0.0033299,0,0,0,0,0,0,0,-0.52415,-0.422,0,-0.114,-0.513,0,0,0,0,0,0,0,0,0.501,0.501,0,0.506,0.506,0,0,0,brain
0,0,0,0,0,0,0,0,0,0,-0.752,-0.752,0,-0.024251,0,0.565,0,0,0,0,0,-0.7515,-0.751,0,0,-0.75,0,0,0,0,0,0,0,0,0,0,0,0,0.654,0,0,0,brain
0,0,0,0,0,0.205,-0.212,0.242,0.242,-0.125,0,0,0,-0.0051227,0.457,0.457,-0.345,-0.345,-0.224,-0.224,-0.119,0.00023809,-0.125,0,0,0.196,0,0,-0.119,0.165,-0.515,-0.176,-0.176,0,0.212,0.212,0.205,0.585,0.585,-0.232,0.184,0.184,brain
0,0,0,0,0,0,0,0,0,0,-0.749,-0.749,0,0.0375,0,0,0,0,0,0,0,-0.73301,0,0,0,0,0,0,0,0,0,0,0,0,0.614,0.614,0,0,0,0,0,0,brain
0,0,0,0,0,0,-0.649,0,0,-0.686,-0.688,-0.688,0,-0.47903,0,0,0,0,-0.687,-0.687,-0.703,-0.68779,-0.686,0,-0.685,-0.695,0,0,-0.703,0,0,0,0,-0.22,0,0,-0.693,3.657,3.657,0,0,0,brain
0,0,0,0,0,0,-0.263,0,0,-1.293,-0.88,-0.88,0,0.0037465,0,0,-0.376,-0.376,-0.266,-0.266,-0.387,-1.2929,-1.293,0,0,0,0,0,-0.387,0,0,0,0,-0.174,0,0,0,0,0,-0.277,0,0,brain
0,-0.458,-0.458,0,0,0,1.054,-0.413,-0.413,0,0,0,0,-0.12957,0.021,0.689,-0.454,-0.454,0,0,0,0.00064763,0,0,0,0.117,-0.978,-0.978,0,0.186,0.186,-0.445,-0.445,-0.15,-0.395,-0.395,-0.945,1.088,1.088,-0.344,-0.13,-0.13,brain
0,0,0,0,0,0,0,0,0,0,0,-0.92,0,-0.012653,0,0,0,0,0,0,-0.848,-0.92733,0,0,0,0,0,0,0,0,0,0,0,0,0,0,0,1.632,1.632,0,0,0,brain
0,0.808,0.808,0,0,0,0,0,0,0,-0.862,-0.862,0,0.0077084,0.665,0.665,0,0,0,0,0,-0.85963,0,0,0,0,0,0,0,0,0,0,0,0,0.815,0.815,0,0.833,0.833,0,0,0,brain
0,0,0,0,0,0,0,0,0,-0.611,-0.491,-0.491,0,0.004719,0,0,-0.112,-0.112,0,0,0,-0.49068,-0.611,0,0,0,0,0,0,0,0,-0.736,-0.603,0,0,0,-0.131,1.102,1.102,0,0,0,brain
0,0,0,0,0,0.383,0,0,0,0,-0.393,-0.393,0,-0.014732,0,0,0,0,0,0,0,-0.3936,0,0,0,-0.375,0,0,0,0,0,0,0,0,0.115,0.115,-0.395,0,0.234,0,0,0,brain
0,0,0,0,0,0,0,0,0,0,-0.934,-0.934,0,-0.94793,0.67,0.67,0,0,0,0,0,-0.93387,0,0,0,0,0,0,0,0,0,0,0,0,0.796,0.796,0,0.865,0.865,0,0,0,brain
0,-0.441,-0.441,-1.002,-1.002,-0.625,-1.293,-0.441,-0.441,0,0,-1.034,0,0.10848,-0.565,-0.565,-0.453,-0.929,0,0,0,-1.0337,0,0.505,0.505,0,0,0,0,0,0,-0.6,0.419,0,0,0,0,0,0,-0.51,0,0,brain
0,3.657,3.657,0,0,0,0,0,0,-0.115,0,-0.825,0,-0.15784,0,0.121,0,0,-0.945,0,-0.911,-0.8364,-0.115,0,0,0,0,0,0,0,0,0,0,-0.124,0,0,0,0,0,0,0,0,brain
-0.142,-0.298,-0.298,-0.322,-0.322,1.155,0.296,0.747,0.747,0,-0.771,-0.771,-0.435,-0.011749,0,0,-0.383,-0.754,0.398,0.398,0,-0.77133,0,-0.628,-0.628,0.193,1.062,0,0,-0.351,-0.351,1.387,1.387,-0.191,0.869,0.869,0,1.214,0.691,0,0,0,brain
0,0,0,0,0,0,0,0,0,-0.68,-0.698,-0.698,0,-0.040073,0,0.602,0,0,0,0,-0.247,-0.69785,-0.68,0,0,0.152,0,0,-0.247,0,0,0,0,0,0,0,0,1.203,1.203,-0.534,0,0,brain
0,-0.216,-0.216,0,0,-0.189,0,-0.313,-0.313,0,-0.963,-0.963,0,-0.041031,0.769,0.769,0,0,0,0,0,-0.95466,0,-0.154,-0.154,-0.941,0,0,0,0.113,0.113,0,0,0,0.341,0.341,0,0.924,0.924,-0.928,0,0,brain
0,0,0,0,0,0,0,0,0,-1.293,-0.882,-0.882,0,0.020511,0.63,0.63,0,0,0,0,0,-0.88153,-1.293,0,0,0,0,0,0,0,0,0,0,-0.124,0.715,0.715,0,0.812,0.812,0,0,0,brain
0,0,0,0,0,-0.351,-0.343,0.514,0,0,-0.82,-0.82,0,-0.65421,0,0.731,0,0,0,0,-0.778,-0.86287,-0.785,0,0,-0.494,-0.19,-0.19,-0.778,0,0,0.351,0.351,-0.227,-0.431,-0.366,-0.851,0.109,0.109,-0.829,-0.208,-0.465,brain
0,0,0,0.694,0.694,0,0,0,0,0.675,-0.856,-0.856,0,0,0.643,0.643,0,0,0,0,-0.136,-0.84859,0,0,0,0,0,0,-0.136,0.55,0,0,0,0,0.744,0.744,0.681,0.73,0,0,0,0,brain
0,0,0,0,0,0,0,0,0,0.103,-0.768,-0.768,0,-0.042182,0,0,0,0,0,0,-0.14,-0.76826,0.103,0,0,-0.711,0.114,0.114,-0.14,0,0,0,-0.733,0,0,0,0,0.719,0.719,0,0,0,brain
0,0,0,0,0,-0.178,-0.575,0,0,0.4,-0.171,-0.171,0.192,-0.18898,0,0,0.225,0.109,0.448,0.448,0,-0.17118,-0.485,0.369,0.535,0.4,0.181,0,0,0.213,0.213,0.046,0.502,-0.115,0,0.297,-0.134,0,0.277,0,-0.185,-0.185,brain
0,0,0,0,0,0,0,0,0,-0.803,-0.802,-0.802,0,-0.015386,0,0,0,0,0,0,0,-0.79001,-0.803,0,0,0,0,0,0,0,0,0,0,0,0,0,0,0.671,0.671,0,0,0,brain
0,0,0.672,0,0,0,0,0.268,0.268,-0.905,-0.895,-0.895,0,0.001803,0.698,0.698,0,0,-0.915,0,0,-1.2929,-0.905,0,0,0,0.284,0.284,0,0,0,0,0,-0.233,0.859,0.859,0,0.87,0.87,0,0,0,brain
0.167,0,0,0.159,0.159,0.289,-0.253,-0.234,-0.234,0.424,-0.429,-0.429,0.167,-0.070804,0,0,-0.251,-0.251,-0.293,-0.293,-0.368,-0.4292,0.424,0.11,0.11,-0.451,0.383,0.383,-0.368,-0.37,-0.37,0.201,0.201,0,0.546,0.546,-0.386,1.066,1.066,0.207,0,0,brain
0,0,0,0,0,0,0,0,0,0,-0.739,-0.739,0,0.64304,0.587,0.587,0,0,0,0,0,-0.73862,-0.614,-0.116,-0.116,0,0,0,0,0,0,0,0,0,0.61,0,0,0.677,0.677,0,0.635,0.635,brain
0,0,0,0,0,0,-0.503,0,0,-0.626,-0.64,-0.64,0,-0.62741,0,0,-0.231,-0.231,0,0,-0.659,-0.63953,-0.626,0,-0.185,0,0,0,0,0,0,0,0,-0.157,0,0,-0.642,0.356,0.356,-0.388,0,0,brain
0,0,0,0,0,0,-0.827,0,0,0,-0.817,-0.817,0,-0.025072,0,0,0,-0.551,0,0,0,-0.81614,0,0.795,0.795,-0.789,0,0,0,0,0,0,0,-0.108,0,0,0,0.797,0.797,-0.8,0,0,brain
0,0,0,0,0,0,0,0,0,0,-0.969,-0.969,0,-0.55674,0.673,0.673,0,0,0,0,0,-0.9691,0,0,0,0,0,0,0,0,0,0,0,0,0,0,0,0.692,0.692,0,-0.545,-0.545,brain
0,0,0,0,0,0,0,0,0,0,0,-0.899,0,-0.0060904,0,0,0,0,0,0,0,-0.95869,0,0,0,0,0,0,0,0,0,0.325,-0.278,0,0,0,0,0.889,0.889,0,0,0,brain
0,0,0,0,0,-0.236,-0.937,0,0,0,-0.955,-0.955,0,0.0114,0,0,0,0,0,0,-0.947,-0.96344,-0.858,0,0,0,0,0,0,-0.971,-0.971,-0.195,-0.195,-0.197,0,0,-0.218,2.298,2.298,0,0,0,brain
0,0,0,0,0,0,0,0,0,-0.684,-0.711,-0.711,0,0.015727,0,0,0,0,0,0,0,-0.71878,-0.684,0,0,0,0,0,0,0,0,0,0,-0.1,0,0,0,0,0,0,0,0,brain
0,0,0,0,0,0,0,0,0,0,-1.113,-1.113,0,0.015308,0.945,0.945,0,0,0,0,0,-1.1076,0,0,0,0,0,0,0,0,0,0,0,0,1.172,1.172,0,1.196,1.196,0,0,0,brain
0,0,0,0,0,0.792,0,0,0,0,0,-0.845,0,0.029044,0,0,0,0.781,0,0,0,-0.84932,-0.816,0,0,0,0,0,0,0,0,0,0,0,0.762,0.762,0,1.559,1.559,0,0,0,brain
0,0,0,0,0,0,0,0,0,0,-0.572,-0.572,0,0.018383,0.474,0.474,0,0,0,0,0,-0.5716,0,0,0,0,0,0,0,0,0,0,0,0,0,0,0,0.576,0.576,0,0,0,brain
0,0,0,0,0,0,0,0,0,0,-0.96,-0.96,0,0.043587,0,0,0,0,0,0,0,-0.73373,0,0,0,-0.955,0,0,0,0,0,0,0,0,0,0,0,0,0,0,0,0,brain
0,0,0,0,0,0,-0.12,0,0,0,-0.887,-0.887,0,-0.054151,0,0,0,0,1.281,1.281,0,-0.8872,0,0,0,0.135,0,0,0,0.113,0.113,0,0,0,0,0,0,1.481,1.481,-0.788,0,0,brain
-0.243,-0.313,-0.313,0.186,0.186,0.231,0,-0.263,-0.263,-0.669,-0.764,-0.764,-0.243,-1.0666,0.01,0.707,0.141,0.141,0.195,0.195,0.424,-0.40798,-0.669,0.113,0.113,0.114,-0.221,-0.045,0.148,0.182,0.182,0,0,-0.362,0.284,0.284,0,0.185,0.185,0,0,0,brain
0,0,0,0,0,0,0,0,0,0,-0.69,-0.69,0.162,-0.025346,0,0,0,0,0,0,0,-0.68542,0,0,0,0,0,0,0.159,0,0,0,0,0,0,0,0,3.657,3.657,0,0,0,brain
0.313,0,0,0.474,0.474,0.302,0,0,0,0,0.296,0.296,0.313,-0.62935,0.297,0.297,-0.339,-0.339,0.347,0.347,0,-1.0075,0,0,0,-0.416,0.197,0,0,0,0,0.343,0.343,0.115,0.313,0.313,0.317,1.738,1.738,0,-0.248,-0.248,brain
0,0,0,0,0,0,0,0.529,0.529,0,-0.775,-0.775,0,-0.038034,0,0,0,0,0,0,0,-0.77532,0,0,0,0,0,0,0,0,0,0,0,0,0,0,0,0.961,0.961,0,0,0,brain
0,0,0,0,0,0,-0.787,0,0,0,-0.791,-0.791,0,0.018243,0.601,0.601,0,0,0,0,0,-0.7911,0,0,0,0,0,0,0,0,0,0,0,0,0.695,0.695,0,0.74,0.74,0,0,0,brain
0,0,0,0,0,0,0,0,0,0,-0.972,-0.972,0,0.018943,0.719,0.719,0,0,0,0,0,-0.96359,-0.845,0,0,0,0,0,0,0,0,0,0,0,0.806,0.806,0,0.916,0.916,0,0,0,brain
0,0,0,0.174,0.174,0,-0.216,0,0,0.218,-0.402,-0.402,0,-0.026808,0,0,0,0,0,0,0,-0.393,0.218,0,0,-0.4,0,0,0,0.219,0.219,-0.251,-0.251,0,0,0,-0.446,0.827,0.827,-0.129,0,0,brain
0.223,0,0,0,0,0,0,0,0,0,-0.783,-0.783,0.223,0.0024969,0,0,0,0,0,0,0,-1.2929,0,0,0,0,0.634,0.634,0,0,0,0,0,-1.151,0.648,0.648,-0.781,0.703,0.703,0,0,0,brain
0,0,-0.27,0,0,0,0,0,0,0,-0.933,-0.933,0,-1.2929,-0.795,-0.056,0.638,-0.66,0,0,0,-0.88588,0,0,0,-0.889,0,0,0,0.138,0.138,0,0,-0.176,0.84,0.191,-0.952,0.528,0.528,0.101,0,0,brain
0,0,0,0,0,0,-0.499,0,0,-0.097,-0.498,-0.498,0,-0.006505,0,0,0,0,-0.352,-0.352,-0.507,-0.49839,-0.482,-0.49,-0.49,0,0,0,-0.507,0,0,-0.32,-0.32,-0.126,-0.329,-0.329,-0.488,0.848,0.848,-0.333,0,0,brain
0,0,0,0,0,0,0,0,0,-0.793,0,-0.786,0,0.016565,0,0,0,0,0,0,0,-0.78555,-0.793,0,0,0,0,0,0,0,0,0,0,0,0,0,-0.789,0.733,0.733,0,0,0,brain
0,-0.027,-0.285,0.197,0.197,-0.589,-0.345,0.148,0.148,0,-0.537,-0.537,0,0.20993,-0.33,-0.33,-0.226,-0.226,-0.298,-0.298,-0.532,-0.53683,0,-0.267,-0.267,0,0.274,0.274,-0.532,0.323,0.323,-0.545,-0.545,0.328,0,0.484,0,1.218,1.218,-0.564,0.239,0.239,brain
0,0,0,0,0,0.109,-0.789,0,0,0,-0.815,-0.815,0,-0.016148,0,0,0,0,0,0,0,-0.80948,-0.793,0.344,0.043,-0.811,0,0,0,0,0,0,0,0,0,0,0,0.673,0.673,0,0,0,brain
0.156,0.163,0,0,0,0,-0.792,0,0,0,-0.924,-0.924,0.156,-0.16096,-0.116,0.279,-0.749,0.155,-0.857,-0.308,0.133,-0.92004,0,0.129,0.129,-0.89,1.262,0.333,0.133,0,0,0.392,0.392,0,0,0,-0.836,0.851,0.851,0,-0.162,-0.162,brain
0.672,0,0,0,0,0,-0.339,0,0,0.634,-0.688,-0.688,0.672,-0.041336,0,0,0,0,0,0,0,-0.63424,-0.029,0.134,0,-0.643,0,0,0,0,0,-0.69,-0.69,0,0,0,-0.706,0.52,0.52,-0.625,0,0,brain
0,0,0,0,0,0,-0.225,0,0,0.003,-0.82,-0.82,0,-0.021497,-0.107,-0.107,-0.272,-0.272,0.452,0.452,-0.311,-0.82031,-0.822,0,0,-0.127,0,0,-0.311,0,-0.332,-0.393,-0.393,0,0,0,-0.176,0.579,0.579,-0.394,0,0,brain
0,-0.213,-0.213,0,0,0,-0.849,-0.271,-0.271,0,-0.872,-0.872,0,0,0,0.56,-0.405,-0.405,0,0,0,-0.86016,-0.837,0,0,-0.123,0.655,0.655,0,0,0,0,0,0,0.402,0.402,-0.189,0.8,0.8,-0.54,0,0,brain
0.367,-0.024,-0.561,0.481,0.481,0.435,0,0,0,-0.118,-1.293,-1.293,0.367,0,0.162,0.162,-0.432,-0.432,0.38,0.38,-0.273,-1.2929,-0.118,0.441,0,0.473,0,0,-0.273,0.232,0.232,0.608,0.608,0,0.428,0.428,-0.571,1.006,1.006,-0.262,0,0,brain
0,0,0,0,0,0,0,0,0,0,-0.859,0,0,-0.0063688,0,0,0,0,0,0,0,-0.89324,0,0,0,-0.886,0,0,0,0,0,0,0,0,0.809,0.809,0,0.82,0.82,0,0,0,brain
0,0,0,0,0,0,0,0,0,0,0,0,0,-0.0045695,0,0,0,-0.85,-0.874,0,0,-0.04428,0,0,0,0,0,0,0,0,0,0,0,-0.416,0,0,0,0,0,0,0,0,brain
0,0.713,0.713,0,0,0,0,0.654,0.654,0,-0.787,-0.787,0,0.033932,0.631,0.631,0,0,0,0,0,-0.77908,0,0,0,0,0,0,0,0,0,0,0,0,0.744,0.744,0,0.729,0.729,0,0,0,brain
0,0,0,0,0,0,0,0,0,0,-0.823,-0.823,0,0.0029022,0,0,0,0,-0.832,0,-0.826,-0.62217,-0.812,0,0,0,0,0,0,0,0,0,0,0,0,0,0,1.431,1.431,0,0,0,brain
0.116,0,0,-0.183,-0.183,-0.873,-0.229,0,0,-0.639,-0.169,-0.169,0.116,0.029165,0.156,0.156,0.11,0.11,0.022,0.022,0,-0.16891,-0.639,-0.458,-0.458,0.176,0,0,0,0.169,0.169,0.141,0.141,0,0.154,-0.122,0,0.134,0,0.102,0.101,0.101,brain
0.366,0,0,-0.302,-0.302,0,-0.714,0.127,0.127,0.18,-0.717,-0.717,0.366,0.040468,-0.114,-0.114,0,0,0.339,0.339,0,-0.71355,0.18,0,0,-0.176,0,0,0,0,0,-0.214,-0.214,0,0.101,0.101,-0.671,0.775,0.775,-0.561,0,0,brain
0,-0.904,0,-0.887,0,-0.955,0,0,0,0,0,-0.101,0,0.05637,0,0,0,0,-0.178,0,0,-0.10123,-0.904,0,0,0,0,0,0,0,-0.912,0.161,0.161,0,0.796,0,0,0,-0.926,0,0,1.775,brain
0,0,0,0,0,0,0,0,0,0,-0.721,-0.721,0,-0.021975,0,0,0,0,0,0,0,-0.7102,0,0,0,0,0,0,0,0,0,0,0,0,0,0,0,0.686,0.686,0,0,0,brain
0,0,0,0,0,0,0,0,0,0,-0.887,-0.887,0,-0.06663,0,0,0,0,0,0,0,-0.85738,0,-0.768,0,-0.846,0,0,0,0.762,-0.076,0,0,0,0.773,0.773,0,0.777,0.777,0,0,0,brain
0,0,0,0,0,0,0,0,0,-0.539,0,0,0,-0.052345,0,0,0,0,0,0,0,-0.00091752,0,0,0,0,0,0,0,0,0,-0.529,0,0,0,0,0,0.532,0.532,0,0,0,brain
0,0,0,0,0,0,-0.396,0,0,-0.393,-0.392,0,0,0.00059939,0,0,0,0.217,0,0,0,-0.40008,-0.393,0,0,0,0,0,0,0,0,0,0,0,0.22,0.22,0,0.387,0.387,0,0,0,brain
0,0,0,0,0,0,-0.185,0,0,0,-0.512,-0.512,0,0.00027728,0,0.435,0,0,-0.172,-0.172,0,-0.50536,-0.451,0,0,0,0,0,0,0,0,0,0,0,0,0,0,0.498,0.498,0,0,0,brain
-0.497,-0.556,-0.556,-0.133,-0.133,-0.666,-0.924,0.241,0.241,0.836,0.797,-0.972,0.22,0.19725,0.27,-0.665,-0.968,-0.968,0.238,0.238,-0.191,-0.97167,0.836,0.311,0.311,-0.229,0.126,0.126,-0.191,0.809,0.156,0,0,-0.268,-0.238,-0.531,-0.994,-0.216,-0.216,0.598,0.251,0.251,brain
0,0.534,0.534,0,0,1.673,0,0.532,0.532,-0.646,0,0,0,0.020876,0.869,0.869,0.333,-0.645,0,0,0,-0.027897,-0.646,0.554,0.554,0.485,0,0,0,0,0,-0.615,-0.615,0,0,0,0,0.564,0.564,0,0,0,brain
0,0,0,0,0,0.441,0,0,0,0,0,-0.443,0,-0.44426,0.262,0.262,0.437,0.437,0.419,0.419,-0.489,-1.0165,0,0,0,-0.12,0,0,-0.489,0,0,-0.937,-0.937,0,0.431,0.431,-0.104,0,0,0,-0.444,-0.444,kidney
-0.362,0,0,0.357,0,0,0,0,0,0,0,0,0,0.001028,0,0,0,0,-0.382,0.357,-0.374,-0.0028518,0,0,0,0,0,0,-0.374,0,0,0,0,0,0,0,0,0,0,0,0,0,kidney
-0.519,0.162,0.162,0,0,0,0,0,0,0,0,0,-0.202,-0.0040162,0,0,0,0,0,0,0,-0.012989,0,0.165,0.165,0,0,0,0,0,0,-0.144,-0.144,0,0,0,-0.508,0.158,0.158,0.166,0,0,kidney
-0.604,0,0,0,0,0,0,0,0,0,0,0,0,-0.01037,0,0,0,0,0,0,0,-0.028491,0,0,0,0,0,0,0,0,0,0,0,0,0,0,-0.5,0,0,0,0,0,kidney
-0.268,0,0,0.143,0.143,0,0,0,0,-0.177,0,0,-0.268,0.0076392,0,0,0,0,0,0,-0.19,-0.0071958,0,0,0,0,0.139,0.139,-0.19,0,0,0,0,0,0,0,-0.31,0,0,0,0,0,kidney
-0.033,0.175,0.175,0.138,0.138,0,0,0.163,0.163,-0.136,0,0,0.151,-0.024102,0,0,0,0,-0.184,0.141,0,-0.062228,-0.136,-0.103,-0.103,0,0.24,0.24,0,0.133,0.133,0,0,0,0.165,0.165,-0.154,0,0,0,0,0,kidney
-0.785,0,0,0,0,0,0,0,0,0,0,0,0,0.02314,0,0,0,0,-0.79,-0.79,0,-0.0083056,0,0,0,0,0,0,0,0,0,0,0,0,0,0,0,0,0.778,0,0,0,kidney
-0.053,0.439,0.439,0.485,0.485,0,0.424,0,0,0,0,0,0.436,-0.033405,0.465,0.465,0,0,0.427,0.427,0,-0.015741,0,0,0,0,0,0,0,0,0,0,0,0.133,0.464,0.464,0,0.422,0.422,0,0,0,kidney
-0.342,0,0,0,0,0,-0.134,0,0,0,0,0,0,-0.005814,0,0,0,0,0,0,0,-0.0006698,0,0,0,-0.115,0.314,0.181,0,0,0,-0.115,-0.115,0,0,0,-0.337,0,0,0,0,0,kidney
-0.451,0,0,0,0,0,0,0,0,0,0,0,0,-0.00095642,0,0,0,0,0,0,0,-0.0031859,0,0,0,0,0,0,0,0,0,0,0,0,0,0,-0.515,0,0,0,0,0,kidney
-0.419,0,0,0,0,0,0,0,0,0,0,0,0,-0.014916,0,0,0,0,-0.321,-0.321,0,-0.0016629,0,0,0,0,0,0,0,0,0,0,0,0,0,0,-0.427,0,0,0,0,0,kidney
-0.598,0,0,0,0,-0.595,0,0,0,-0.582,0,-0.591,0,-0.052936,0,0,0,0,0,0,-0.602,-0.59292,-0.283,0.173,-0.414,0,0,-0.253,0,0,0,0,0,-0.113,0,0,0,0,0,0,0,0,kidney
-0.463,0.467,0.467,0.855,0.855,0.481,-0.466,0,0,-0.477,0,0,-0.463,-0.28917,0,0,0,0,-0.176,-0.176,-0.472,0.0015655,-0.477,0.436,0.436,0,0.485,0.026,-0.472,0,0,-0.454,-0.454,0,0.433,0.433,-0.472,1.334,1.334,0,-0.333,-0.333,kidney
-0.452,0,0,0,0,0,0,0,0,0,0,0,0,0,0,0,0,0,0,0,0,-0.0056078,0,0,0,0,0,0,0,0,0,0,0,0,0,0,-0.453,0,0.447,0,0,0,kidney
0,0,0,0,0,0,0,0,0,0,0,0,0,-0.021784,0,0,0,0,0,0,0,-0.011198,0,0.26,0.26,0.216,0,0,0,0,0,0,0,0,0,0,-0.235,0,0,0,0,0,kidney
-0.635,0,0,0,0,0,0,0,0,-0.625,0,0,0,-0.61968,0,0,0,0,0,0,0,-0.0033243,-0.625,0,0,0,0,0,0,0,0,0,0,0,0,0,-0.632,0,0,0,-0.624,-0.624,kidney
-0.51,0,0,0,0,0,0,0,0,0,0,0,0,0.019643,0,0,0,0,-0.511,-0.511,-0.475,0.0013215,0,0,0,0,0,0,0,0,0,0,0,0,0,0,0,0,0,0,0,0,kidney
-0.512,0,0,0,0,0,0,0,0,0,0,0,0,-0.0011087,0,0,0,0,0,0,0,-0.006505,0,0,0,0,0,0,0,0,0,0,0,0,0,0,0,0,0,0,0,0,kidney
0,0,0,0,0,0,0,0,0,0,0,0,0,-0.0088526,0,0,0,0,0,0,0,-0.019452,0,0,0,0,0,0,0,0,0,0,0,0,0,0,0,0,0,0,0,0,kidney
-0.758,0,0,0,0,-0.757,0,0,0,0,0,0,0,0,0,0,0,0,-0.755,0,0,-0.0038362,0,0,0,0,0,0,0,0,0,0,0,0,0,0,0,0,0,0,0,0,kidney
0,0,0,0,0,0,0,0,0,0,0,0,0,0.011958,0,0,0,0,0,0,0,-0.0095426,0,0,0,0,0,0,0,0,0,0,0,0.299,0,0,0,0,0,0,0,0,kidney
-0.404,0,0,0,0,0,0,0,0,0,0,0,-0.404,0.0098669,0,0,0,0,-0.406,0,0,-0.0078863,0,0,0,0,0,0,0,0,0,0,0,0,0,0,0.135,0,0,0,0,0,kidney
-0.547,0,0,0,0,0.528,-0.288,0,0,0,0,0,0,-0.038442,0,0,0,0,0,0,-0.134,-0.016704,0,0.101,0.101,0,0,0,-0.134,0,0,0,0,0,0,0,0,0,0,0,0,0,kidney
-0.142,0.252,0.252,0,0,0.253,-0.267,0.158,0.158,-0.28,0.216,0.216,0,0,0.218,0.218,-0.03,0.248,0.886,1.045,-0.28,0.21606,-0.28,0.241,0.241,0.203,0,0,-0.28,0,0,-0.27,-0.27,0,0.481,0.481,-0.193,0.255,0.255,-0.283,0,0,kidney
-0.504,0,0,0,0,0,0,0.44,0.44,0,0,-0.453,0,0.011958,0,0,0,0,0,0,-0.509,-0.50349,0,0,0,0,0,0,0,0,0,0,-0.493,0,0,0,0,0,0,0,0,0,kidney
-0.269,0.298,0.298,0.603,0.603,-0.314,-0.283,0.306,0.306,-0.301,0,0,0,-0.28525,0.274,-0.304,-0.305,-0.305,-0.638,0,-0.301,0.011261,-0.301,0.223,0.223,-0.326,0,0,-0.301,0.3,-0.024,-0.09,0.279,0,0.302,0.302,-0.299,0.323,0.323,0,-0.285,-0.285,kidney
-0.688,0,0,0,0,0,0,0,0,0,0,0,0,0.019643,0,0,0,0,-0.71,0,-0.695,-0.0033243,0,0,0,0,0,0,-0.695,0,0,0,0,0,0,0,0,0,0,0,0,0,kidney
-0.384,0.349,0.349,0.393,0.393,-0.367,0,0.33,0.33,0,0,0,0,-0.34611,0,0,0,0,-0.397,-0.397,0,-0.0076552,0,0.321,0.321,0.322,0,0,0,0,0,0,0,0,0.359,0.359,-0.4,0.378,0.378,0,-0.346,-0.346,kidney
0.027,0,0,0,0,-0.37,0.389,0,0,-0.361,-0.373,-0.373,0.372,-0.35698,0.333,0.333,0,0,0,0,0,-0.37296,-0.361,0.363,0.363,0.354,0,0,0,0,-0.344,-0.202,-0.202,0,0.376,0.376,-0.364,0.379,0.379,0,-0.357,-0.357,kidney
-0.547,0,0,0.545,0.545,0,0,0,0,0,0,0,0,0.010424,0,0,0,0,0,0,-0.539,-0.0066638,0,0,0,0,1.016,0,0,0,0,0,0,0,0,0,-0.541,0,0,0,0,0,kidney
-0.442,0.431,0.431,0,0,0,0,0,0,0,0,0,0,-0.0026672,0,0,0,0,0,0,0,-0.013712,0,0,0,0,0,0,0,0,0,0,0,0,0,0,0,0,0,0,0,0,kidney
-0.709,0,0,0.723,0.723,0,0,0,0,0,0,0,-0.709,0.012376,0,0,0,0,-0.737,-0.737,0,-0.031632,0,0,0,0,0,0,0,0,0,0,0,0,0,0,-0.721,0,0,0,0,0,kidney
-0.577,0,0,0,0,0,0.536,0,0,0,0,0,0,-0.0067813,0,0,0,0,0,0,0,-0.0067813,0,0,0,0,0,0,0,0,0,0.563,0.563,0,0,0,0,0,0,0,0,0,kidney
0.469,0.393,0.393,0.789,0.789,0,-0.263,-0.169,-0.169,-0.395,0.168,0.168,0.469,-0.063652,0,0,0,0,-0.601,0.136,-0.428,0.1682,-0.395,0.194,0.194,-0.157,0.16,0.16,-0.428,0,0,-0.109,-0.109,0,0.879,0.879,-0.333,0,0,-0.227,0,0,kidney
-0.36,0,0,0,0,0,0,0,0,-0.356,0,0,0,0.0061988,0,0,0,0,0,0,0,-0.3636,-0.356,0,0,0,0,0,0,0,0,0,0,0,0.103,0.103,0,0,0,0,0,0,kidney
-0.551,0,0,0,0,0,0,0,0,-0.539,0,0,-0.551,-0.001608,0,0,0,0,0,0,0,-0.011524,-0.539,0,0,0,0,0,0,0,0,0,0,0,0,0,-0.544,0,0,0,0,0,kidney
0,0,0,0.723,0.723,0,0,0,0,0,0,0,0,-0.0031127,0,0,0,0,0,0,0,-0.0047079,0,0,0,0,0,0,0,0,0,0,0,0,0.72,0.72,0,0.709,0.709,0,-0.792,0,kidney
-0.047,0.234,0.234,0.85,0.291,0,0,0.266,0.266,0,0.267,-0.056,0.287,-0.017254,0.25,0.25,0,0,0,0,0,-0.32228,0,0.27,0.27,0.259,0,0,0,0.256,0.256,0.289,0.289,0.106,0.274,0.274,-0.326,0.293,0.293,0.276,0,0,kidney
-0.444,0,0,0,0,-0.227,-0.205,0,0,-0.225,-0.547,-0.547,0.343,-0.49684,0,0,-0.211,-0.211,-0.79,-0.44,-0.469,-0.54677,-0.225,0,0,0,0,0,-0.469,-0.232,-0.232,0,0,-0.154,0,0,-0.22,0,0,0,-0.501,-0.501,kidney
0,0,0,0.46,0.46,0,0,0,0,0,0,0,0,-0.0094046,0,0,0,0,0,0,0,-0.005261,0,0,0,0,0,0,0,0,0,0,0,0,0,0,-0.5,0.47,0.47,0,0,0,kidney
-0.502,0,0,0,0,0,0,0,0,0,0,0,0,-0.011613,0,0,0,0,0,0,0,-0.0094155,0,0,0,0,0,0,0,0,0,0,0,0,0,0,0,0,0,0,0,0,kidney
-0.574,0,0,0,0,0,0,0.494,0.494,0,0,0,0,0.0030014,0,0,0,0,-0.541,0,0,-0.0056757,0,0.417,0.417,0,0,0,0,0,0,0,0,0,0,0,-0.512,0.517,0.517,0,0,0,kidney
-0.561,0,0,0,0,0,0,0,0,0,0,0,0,0.0029133,0,0,0,0,0,0,0,0.00027728,0,0,0,0,0,0,0,0,0,0.565,0.565,0,0,0,0,0,0,0,0,0,kidney
-0.457,0,0,0,0,0,0,0,0,0,0,0,0,0.011261,0,0,0,0,-0.456,0,0,-0.0084385,0,0,0,0,0,0,0,0.425,0,0,-0.431,0,0,-0.458,0,0,0,0,0,0,kidney
-0.416,0,0,0,0,0,0,0,0,0,0,0,0,-0.0026322,0,0,0,0,0,0,0,-0.010646,0,0,0,0,0.397,0,0,0,0,0,0,0,0,0,-0.417,0,0,0,0,0,kidney
-0.435,0,0,0.848,0.848,0,0,0,0,-0.42,0,0,-0.435,0.0033299,0,0,0,0,-0.44,-0.011,0,-0.0033243,-0.42,0,0,0,0,-0.424,0,0,0,0,0,0,0,0,-0.418,0,0,0,0,0,kidney
-0.359,0,0,0.314,0.314,0,0,0,0,0,0,0,0,-0.0095426,0,0,0,0,-0.372,0,0,-0.0020784,0,0,0,0,0,0,0,0,0,-0.195,-0.195,0,0,0,-0.193,0,0,0,0,0,kidney
-0.74,0,0,0,0,0,0,0.636,0.636,0,0,0,0,-0.72379,0,0,0,0,-0.553,-0.349,0,-0.010194,0,0,0,0,0,0,-0.772,0,-0.652,0,0,-0.143,0,0,0,0,0,0,0.837,0.125,kidney
0,0,0,0.824,0.824,0,0,0,0,0,0,0,0,0.029044,0,0,0,0,0,0,-0.764,-0.007472,0,0,0,0,0,0,0,0,0,0.736,0.736,0,0,0,0,0,0,0.708,0,0,kidney
-0.044,0.349,0.349,0,0,0.154,-0.138,0.153,0.153,-0.247,0.206,0.033,0.134,-0.12213,-0.125,-0.125,0,0,0,0,-0.123,-0.58353,-0.247,0.131,0.131,0,0,0,-0.123,0,0,0,0,0,0.166,0.166,0,0.711,0.711,0,-0.127,-0.127,kidney
-0.471,0,0,0,0,0,0.442,0,0,0,0,0,0,-0.006505,0,0,0,0,0,0,0,-0.010646,0,0,0,0,0,0,0,0,0,0,0,0,0,0,0,0,0,0,0,0,kidney
0,0,0,0,0,0,0,0,0,0,0,0,0,0.0061017,0,0,0,0,0,0,0,-0.0063668,0,0.507,0.507,0,0,0,0,0,0,0,0,0,0,0,0,0,0,0,0,0,kidney
-0.054,0.356,0.356,0,0,0.354,0,0,0,-0.368,0,0,0.366,-0.35556,0,0,0,0,0,0,0,-0.011887,-0.368,0,0,-0.396,0,0,0,0,0,0,0,0,0.36,0.36,0,0.369,0.369,-0.374,-0.368,-0.368,kidney
-0.106,0,0,0.104,0,0,0,0,0,-0.198,0,0,-0.106,-0.0020784,0,0,0,0,0,0,0,-0.00074383,-0.198,0,0,0,0,0,0,-0.111,-0.111,0,0,0,0,0,-0.238,0,0,0,0,0,kidney
-0.471,0,0,0,0,0,0,0,0,0,0,0,0,-0.018078,0,0,0,0,0,0,-0.481,0.024548,0,0,0,0,0,0,0,0,0,0,0,0,0,0,0,0,0,0,0,0,kidney
0,0,0,0,0,0,0,0,0,0,0,0,0,-0.45179,0,0,0,0,0,0,0,0.0027745,0,0,0,0,0,0,0,0,0,0,0,0,0,0,0,0,0,0,0,0,kidney
-0.154,0.209,0.209,0.234,0.234,0,-0.237,0,0,-0.11,-0.114,-0.114,0,0,0,0,-0.112,-0.112,-0.172,0,0,-0.11352,-0.11,0,0,0,0,0,0,0,0,-0.109,-0.109,0,0.106,0.106,-0.245,0.109,0,0,0,0,kidney
-0.65,0,0,0,0,0,0,0,0,0,0,0,0,0.01447,0,0,0,0,0,0,0,-0.01037,0,0,0,0,0,0,0,0,0,0,0,0,0,0,0,0,0,0,0,0,kidney
-0.551,0,0,0,0,0,0,0,0,-0.371,0,-0.214,-0.362,-0.037167,0,0,0,0,-0.658,0.209,0,-0.21424,-0.371,0,0,0,0,0,0,0,0,0,0,0,0,0,-0.382,0,0,0,0,0,kidney
-0.373,0,0,0.357,0,0,0,0,0,0,0,0,0,-0.013202,0,0,0,0,0,0,0,-0.010094,0,0,0,0,0,0,0,0,0,0,0,0,0,0,0,0,0,0,0,0,kidney
-0.459,0,0,0.129,0.129,0.577,-0.105,0,0,-0.569,0,0,-0.459,0.027216,0,0,0,0,-0.572,0,-0.567,-0.026851,-0.569,0,0,0,0.15,0.15,-0.567,0,0,-0.557,-0.557,-0.145,0,0,-0.573,0,0,0,0,0,kidney
-0.501,0,0,0,0,0,0,0,0,-0.499,0,0,0,-0.00070234,0,0,0,0,0,0,0,-0.0071958,-0.499,0,0,0,0,0,0,0,0,0.497,0.497,0,0,0,-0.499,0,0.477,0,0,0,kidney
-0.452,0,0,0,0,0,0,0,0,0,0,0,-0.452,0.0044411,0,0,0,0,0,0,0,-0.015741,0,0,0,0,0,0,0,0,0,0,0,0,0,0,0,0,0,0,0,0,kidney
-0.32,0,0,0,0,-0.309,0,0,0,-0.31,-0.132,-0.132,0.452,-0.0030475,0,0,0,0,-0.001,0.314,-0.326,-0.13233,-0.31,0,0,0,0,0,-0.326,0,0,-0.188,-0.188,0,0,0,-0.314,0.164,0.164,-0.207,0,0,kidney
-0.323,0.315,0.315,0.51,0.51,0.195,0.205,0.3,0.3,-0.131,-0.335,-0.335,0,-0.12239,0.281,0.281,0,0,0,0,-0.122,-0.33526,-0.131,0.317,0.317,0.307,0,0,-0.122,-0.131,-0.131,0,0,0,0.324,0.324,-0.335,0,0,0,-0.122,-0.122,kidney
-0.714,0,0,0,0,0,0,0,0,0,0,0,0,-0.0069195,0,0,0,0,0,0,0,0.001803,0,0,0,0,0,0,0,0,0,0,0,0,0,0,-0.218,0.681,0.681,0,0,0,kidney
-0.524,0,0,0.487,0.487,0,0,0,0,0,0,0,-0.524,-0.0050738,0,0,0,0,0,0,0,-0.0020294,0,0,0,0,0,0,0,0,0,-0.504,-0.504,0,0,0,-0.512,0,0,0,0,0,kidney
-0.452,0.365,0.365,0.322,0.322,0.313,-0.335,0.296,0.296,-0.339,0,0,0,-0.33422,0,0,0.305,0.305,0,0,0.32,-0.020275,-0.339,0.313,0.313,0.31,0,0,0.32,0,0,0.334,0.334,0,0.305,0.305,-0.345,0.37,0.37,0,-0.334,-0.334,kidney
0,0,0,-0.551,-0.016,-0.567,-0.538,0,0,0.114,-0.402,-0.402,0,-0.51712,0,-0.423,0,0,0,0,-0.111,-0.40219,0.114,-0.588,-0.588,0,0,0,-0.111,0,0,-0.556,-0.131,-0.152,0,0,0.152,0,0,0,-0.517,-0.517,kidney
-0.645,0,0,0,0,0,0,0,0,-0.65,0,0,0,-0.65545,0,0,0,0,0,0,0,0.0012481,-0.65,0,0,-0.643,0,-0.633,0,0,0,0,0,-0.142,0,0,0,0,0,0,-0.646,-0.646,kidney
-0.736,0,0,0.726,0.726,0,0,0,0,0,0,0,0,-0.017072,0,0,0,0,0,0,0,-0.0077037,0,0,0,0,0,0,0,0,0,0,0,0,0,0,0,0,0,0,0,0,kidney
-0.631,0,0,0,0,0,0,0,0,0,0,0,0,0.002213,0,0,0,0,0,0,0,-0.011315,0,0,0,0,0,0,0,0,0,0,0,0.256,0,0,0,0,0,0,0,0,kidney
-0.572,0,0,0,0,0,0,0,0,0,0,0,0,-0.015951,0,0,0,0,0,0,0,-7.4887e-05,0,0,0,0,0.518,-0.037,0,0,0,0,0,0,0,0,-0.566,0,0,0,0,0,kidney
-0.747,0,0,0.708,0,0,0,0,0,0,0,0,0,-0.75426,0,0,0,0,0,0,0,0.0015255,0,0,0,0,0,0,0,0,0,0,0,0,0,0,0,0.711,0,0,0,0,kidney
0,0,0,0,0,0,0,0,0,0,0,0,0,-0.0063524,0,0,0,0,0,0,0,-0.00041585,0,0,0,0,0,0,0,0,0,0,0,0,0,0,0,0,0,0,0,0,kidney
-0.505,0,0,0,0,0,0,0,0,0,0,0,0,-0.0018518,0,0,0,0,0,0,0,-0.0056731,0,0,0,0,0,0,0,0,0,0,0,0,0,0,0,0,0,0,0,0,kidney
0,0,0,0,0,0,0,0,0,0,0,0,0,0.00083195,0,0,0,0,0,0,0,-0.00097017,0,0,0,0,0,0,0,0,0,0,0,0,0,0,0,0,0,0,0,0,kidney
0,0,0,0.509,0,0,0,0,0,0,0,0,0,-0.016567,0,0,0,0,0,0,0,-0.007472,0,0,0,0,0,0,0,0,0,0,0,0,0,0,0,0.507,0.507,0,0,0,kidney
0,0,0,0.482,0.482,0,0,0,0,0,0,0,0,-0.0091286,0,0,0,0,0,0,0,-0.0053992,0,0,0,0,0,0,0,0,0,0,0,0,0,0,-0.507,0,0,0,0,0,kidney
0,0.124,0.124,0,0,0,0,0,0,-0.137,0,0,0,-0.010915,0,0,0,0,0,0,0,-0.016567,-0.137,0,0,0,0,0,0,0,0,-0.12,-0.12,0,0,0,-0.145,0.178,0.178,0,0,0,kidney
-0.351,-0.35,-0.35,0.375,0.375,-0.36,-0.349,0.326,0.326,0.375,-0.357,-0.357,-0.351,-0.34744,0.32,0.32,0,0,-0.359,-0.359,0,-0.35681,0.375,0.29,-0.06,-0.362,-0.353,-0.353,0,0,0,0,0,0,0,0,0,0.354,0.354,-0.345,-0.347,-0.347,kidney
-0.524,0,0,0,0,-0.515,0,0,0,-0.238,-0.255,-0.255,-0.524,-0.25176,0,0,0,0,-0.246,-0.246,-0.249,-0.25467,-0.238,0,0,0,-0.244,-0.244,-0.249,0,0,-0.221,-0.221,-0.117,0,0,-0.247,0,0,-0.24,-0.247,-0.247,kidney
-0.59,0,0,0.531,0,0,0,0,0,0,0,0,0.46,0.0038854,0,0,0,0,0,0,0,-0.0047753,0,0,0,0,0,0,0,0,0,0,0,0,0,0,-0.587,0,0,0,0,0,kidney
-0.401,0,0,0,0,0,0,0,0,0,0,0,0,-0.032708,0,0,0,0,0,0,0,0.00279,0,0,0,0,0,0,0,0,0,0,0,0,0.148,0.148,0,0,0,0,0,0,kidney
0,0,0,0.509,0.509,0,0,0,0,0,0,0,0,0.49389,0,0,0,0,-0.115,-0.115,0,-0.0087146,0,0,0,0,0,0,0.543,0,0,0,0,0,0,0,0,0.525,0.525,0,0,0.432,kidney
0,0,0,0,0,0,0,0,0,0,0,0,0,0.00055459,0,0,0,0,0,0,0,-0.0085766,0,0,0,0,0,0,0,0,0,0,0,0,0,0,0,0,0,0,0,0,kidney
-0.267,0,0,0,0,0,0,0,0,0,-0.139,-0.139,-0.267,0,0,0,0,0,0,0,0,-0.13871,0,0,0,0,0,0,0,0,0,-0.279,0,0,0.129,0.129,0,0,0,0,0,0,kidney
-0.453,0.445,0.445,0.247,0.247,0.212,0.244,0.236,0.236,-0.437,0,0,-0.453,-0.22121,0.227,0.227,0,0,0,0,0,-0.082137,-0.437,0,0,-0.223,0,0,0,0,0,0,0,0.101,0.245,0.245,-0.234,0.239,0.239,-0.225,-0.141,-0.141,kidney
0,0,0,0,0,0,0,0,0,0,0,0,0,-0.004375,0,0,0,0,0,0,0,-0.00056725,0,0,0,0,0,0,0,0,0,0,0,0,0,0,0,0,0,0,0,0,kidney
-0.263,0,0,0,0,0,0,0,0,0,0,0,0,-0.24084,0,0,0,0,0,0,0,-0.0083397,0,0,0,0,0,0,0,0,0,0,0,0,0,0,0,0,0,0,0,0,kidney
-0.319,0.047,-0.143,0.353,0.353,0,-0.197,0,0,-0.298,0,0,0,-0.1572,0,0,0,0,0,0,0,0.012516,-0.298,0,0,0,0,0,0,0,0,0,0,0,0,0,0,0,0,-0.16,-0.158,-0.158,kidney
-0.594,0,0,0.55,0.55,0,0,0,0,-0.585,0,0,0,-0.011029,0,0,0,0,0,0,0,0,-0.585,0,0,0,0,0,0,0,0,0,0,0,0,0,-0.164,0.534,0.534,0,0,0,kidney
0,0,0,0,0,0,0,0,0,0,0,0,0,0.0077783,0,0,0,0,0,0,0,-0.0073339,0,0,0,0,0,0,0,0,0,0,0,0,0,0,0,0,0,0,0,0,kidney
-0.44,0,0,0,0,-0.437,0,0,0,0,0,0,0,-0.0053992,0,0,0,0,0,0,0,-0.0076101,0,0,0,0,0,0,0,0,0,0,0,0,0,0,-0.433,0,0,0,0,0,kidney
-0.696,0,0,0,0,0,0,0,0,0,0,0,0,0.018663,0,0,0,0,0,0,0,-0.0055375,0.655,0,0,0,0,0,0,0,0,-0.677,-0.677,0,0,0,0,0,0,0,0,0,kidney
-0.516,0,0,0,0,0,0,0,0,-0.493,0,0,0,0.0070595,0,0,0,0,-0.447,-0.447,0,0,-0.493,0,0,0,0,0,0,0,0,0,0,0,0,0,-0.5,0,0,0,-0.518,0,kidney
0,0,0,0.142,0,0,0,0,0,0,0,0,0,0.0027745,0,0,0,0,0,0,0,-0.0069195,0,0,0,0,0,0,0,0,0,0,0,0,0,0,0,0,0,0,0,0,kidney
-0.023,0,0,0.428,0.428,0.4,0,0,0,0,0,0,0.427,0.00069327,0.32,0.32,0,0,-0.859,0,0,-0.0031859,0,0.372,0.372,0.369,-0.448,-0.448,0,0.38,0.38,0,0,0,0,0,0,0.411,0.411,0,0,0,kidney
0,0,0,0.566,0.566,0,0,0,0,0,0,0,0,0,0,0,0,0,0,0,0,-0.0092999,-0.446,0,0,0,0,0,0,0,0,0,-0.435,0,0,0,0,0,0,0,0,0,kidney
-0.586,0,0,0.557,0.557,0,0,0,0,0,0,0,-0.586,-0.0045695,0,0,0,0,0,0,0,-0.0012473,0,0,0,0,0,0,0,0,0,0,0,0,0,0,-0.585,0,0,0,0,0,kidney
0,0.301,0.301,0.594,0.594,0.292,-0.315,0,0,-0.304,0,0,0,0.0059486,0,0,0,0,0.306,0.306,-0.314,-0.012046,-0.304,0,0,0,0,0,-0.314,0,0,-0.287,-0.287,0,0.304,0.304,-0.309,0,0,0,0,0,kidney
0,0,0,0,0,0,0,0,0,0,0,0,0,-0.0053992,0,0,0,0,0,0,0,-0.0022168,0,0,0,0,0,0,0,0,0,0,0,0,0,0,0,0,0,0,0,0,kidney
0,0.579,0.579,0.575,0.575,0,0.572,0,0,-0.659,0,0,0,-0.046051,0,0,0,0,-0.669,0.493,0,-0.0014983,-0.659,0,0,0,0,0,0,0,0,0,0,0,0,0,-0.642,-0.291,0.294,0,0,0,kidney
0,0,0,0,0,0,0,0,0,0,0,0,0,-0.0041927,0,0,0,0,0,0,0,-0.0039806,0,0,0,0,0,0,0,0,0,0,0,0,0,0,0,0.497,0.497,0,0,0,kidney
0,0,0,0,0,0,0,0,0,-0.277,0,0,0,-0.0011087,0,0,0,0,0,0,0,0.0033299,-0.277,0,0,0,0,0,0,0,0,0,0,0,0,0,0,0,0,0,0,0,kidney
-0.33,0,0,0,0,0,0,0,0,-0.333,0,0,0,-0.010756,0,0,0,0,0,0,0,-0.0078583,-0.333,0,0,0,0,0,0,0,0,0,0,0,0,0,0,0,0,0,0,0,kidney
-0.763,0,0,0,0,0,0,0.663,0.663,0,0,0,0,-0.010508,0,0,0,0,0,0,0,0.0013868,0,0,0,0,0.706,0,0,0,0,0,0,0,0,0,-0.766,0.751,0.751,0,0,0,kidney
-0.712,0,0,0,0,0,0,0,0,0,0,0,0,-0.71328,0,0,0,0,0,0,0,-0.0123,0,0,0,0,0,0,0,0,0,0,0,0,0,0,0,0,0,0,0,0,kidney
-0.134,0.49,0.49,0.502,0.502,-0.217,0,0.246,0.246,-0.251,-0.27,-0.27,-0.134,-0.27547,0.243,0.243,0,0,0,0,0.478,-0.26661,-0.251,0.275,0.275,0,0,0,0.478,0,0,-0.205,0,0,0.267,0.267,0,0.768,0.768,0,-0.272,-0.272,kidney
-0.444,0,0,0,0,0,0,0,0,0,0,0,-0.444,0.0016642,0,0,0,0,0,0,0,-0.090361,0,0,0,0,0,0,0,0,0,0,0,0,0,0,0,0,0,0,0,0,kidney
-0.479,0.439,0.439,0.454,0.454,0,0.439,0.416,0.416,-0.484,0,0,-0.479,0,0.389,0.389,0.423,0.423,0,0,0,-0.034086,-0.484,0.425,0.425,0.412,0,0,0,0,0,0,0,0,0.416,0.416,-0.486,0.439,0.439,0,0,0,kidney
-0.646,0.186,0.186,0.441,0.441,-0.214,0,0,0,-0.229,-0.239,-0.239,0,-0.22381,0.209,-0.014,0,0,0.173,0.173,-0.211,-0.23499,-0.229,0,0,-0.238,0,0,-0.211,0,0,0,0,0,0.409,0.409,-0.231,0.194,0.194,0,-0.225,-0.225,kidney
-0.655,0,0,0,0,0,0.628,0,0,0,0,0,0,-0.018376,0,0,0,0,0,0,0,-0.00043873,0,0,0,0,0,0,0,0,0,0,0,0,0,0,0,0,0,0,0,0,kidney
-0.583,0,0,0,0,0,0,0,0,0,0,0,0,0.0024969,0,0,0,0,0,0,0,-0.0026322,0,0,0,0,0,0,0,0,0,0,0,0,0,0,0,0,0,0,0,0,kidney
0,0,0,0,0,0,0,0,0,0,0,0,0,0.00013863,0,0,0,0,0,0,0,-0.010094,0,0,0,0,0,0,0,0,0,0,0,0.322,0,0,0,0,0,0,0,0,kidney
-0.467,0,0,0,0,0,0.103,0.112,0.112,-0.137,-0.192,-0.192,0.116,-0.12395,0,0,0,0,-0.136,-0.136,-0.565,-0.19212,-0.137,0,0,0,-0.14,-0.14,0,-0.168,-0.168,-0.123,-0.123,0,0,0,0,0.431,0,0,-0.13,-0.13,kidney
-0.397,0.314,0.314,0.751,0.751,0.346,0,0.186,0.186,0,-0.417,-0.417,-0.397,-0.38504,0,0,-0.41,-0.41,-0.283,0.175,0,-0.41696,0,0.345,0.345,0.318,0.367,-0.034,0,0.314,0.314,0,0,0,0.318,0.318,-0.412,0.364,0.364,0.346,-0.385,-0.385,kidney
-0.327,0,0,0,0,0,0,0,0,0,0,0,0,-0.31762,0,0,0,0,0,0,0,-0.0059522,0,0,0,0,0,0,0,0,0,0,0,0,0,0,-0.334,0,0,0,-0.318,-0.318,kidney
0.107,0.381,0.381,0.461,0.461,-0.28,-0.294,0,0,-0.28,-0.295,-0.295,0.409,-0.29378,0,0,0,0,-0.654,0,-0.299,-0.2952,-0.28,0.431,0.431,-0.268,0,0,-0.299,-0.244,-0.244,-0.275,-0.275,0,0.393,0.393,-0.283,0.4,0.4,-0.277,-0.294,-0.294,kidney
-0.496,0,0,0.478,0,0,0,0,0,-0.112,0,0,0,-0.0087481,0,0,0,0,0,0,0,-0.00044229,-0.112,0,0,0,0,0,0,0,0,0,0,0,0,0,-0.107,0,0,0,0,0,kidney
-0.645,0,0,0.649,0.649,0,0,0,0,0,0,0,-0.645,0.016705,0,0,0,0,-0.656,-0.656,0,-0.0011087,0,0,0,0,0,0,0,0,0,0,0,0,0,0,0,0,0,0,0,0,kidney
0,0.885,0,0,0,0,0,0,0,0,0,0,0,-0.49882,0,0,0,0,0,0,-0.495,0.48096,0,-0.5,-0.5,-0.487,0,0,0,0,-0.488,-0.487,-0.487,-0.223,0,0,0,-0.491,-0.491,0,0,-0.499,ovarian
-0.377,1.33,1.33,-0.383,1.964,0,-0.384,0,0.375,-0.383,0.068,-0.374,-0.377,-0.38806,0,-0.356,-0.41,0,0,0,0,-0.37392,-0.383,-0.165,-0.165,-0.356,-0.379,-0.379,0,-0.34,-0.34,0.294,1.049,-0.188,0.502,0.502,0,0,0,-0.398,0,0,ovarian
0,-0.876,-0.876,-0.9,-0.9,-1.293,0,0,0,0,0,0,0,-0.89557,0,0.842,-0.891,-0.891,0,0,0,-0.85845,0,0,0,-0.883,0.369,0,0,0,-0.898,0.843,0,-0.183,-0.03,-0.911,0,0,-0.482,-0.888,0,0,ovarian
0,0,0,0,0,0,0,0,0,0,0,0,0,-0.81073,0,0,0,0,0,0,0,-0.0012473,0,0,0,-0.829,-0.078,-0.814,0,0,0,0,0,0,0.715,0.715,0.698,0,0,0,0,-0.788,ovarian
-0.567,1.299,-0.518,-0.614,-0.614,-0.595,0,0.518,0.518,-0.577,0.569,0.569,-0.001,-0.55564,-0.625,-0.625,-0.342,-0.342,0.587,0.587,0,0.57023,-0.577,-0.021,-0.623,-0.637,0.535,0,0.106,0,0,0,-0.585,0,0.684,0.684,-0.396,0,0,0.587,0.542,0.542,ovarian
0,1.459,0.178,-0.779,0,0,-0.12,0,0,-0.775,0,0,0,-0.77651,-0.729,-0.729,0,0,-0.968,-0.106,0,0,-0.775,-0.776,0,-0.779,0,0,0.747,-0.768,-0.768,0,0,-0.895,0.118,0.118,0,0,0,0,-0.777,-0.777,ovarian
-0.679,-0.725,-0.725,0,0.867,0,0,0,0,0,0,0,-0.679,-0.71666,0,0,-0.74,-0.74,0,0,-0.724,-0.72529,0,-0.727,-0.727,-0.733,0.551,0.551,-0.724,0,0,0,0,-0.242,0,0,0,0,0,0,-0.717,-0.717,ovarian
0,0,0,0,0,0,-0.767,0,0,-0.776,0,0,0,-0.76597,0,0,0,0,0,0,-0.79,0.064475,-0.776,-0.789,-0.789,-0.787,0,0,-0.79,-0.778,-0.778,-0.776,-0.776,-0.471,0,0,0,-0.173,-0.173,0,-0.766,-0.766,ovarian
0.549,0,0,-0.881,0.258,-0.318,-0.325,0.564,0.564,-0.308,0,0,0.549,-0.87798,0,3.657,0,0,0.271,0.271,-0.595,0.082332,-0.09,-0.711,-0.711,-0.335,0.631,0.631,0.566,-0.58,-0.58,0.412,0.412,0.157,0.49,0.49,0,0.396,0.527,0,-0.594,-0.594,ovarian
0.634,1.252,-0.683,0,-1.293,-0.52,0,0,0,0,0,0,0.634,-0.68003,0,1.658,-0.645,-0.645,0,0,0,0.46964,0,0,0,-0.7,0,0,0,-0.666,-0.666,-0.552,-0.552,0,2.989,0,0,0,0,-0.104,0,-1.293,ovarian
0,0.451,0,0,0.544,0,-0.598,0.505,0.505,0,0,0,0,-0.62455,0,0,0,0,0,0,0,-0.607,0,0,0,0,0,0,0,0,0,1.148,-0.633,-0.42,0.49,0.49,0,0,0,0.508,0,0,ovarian
0,0,0,0,0,0,0,0,0,0,0,0,0,-0.0072667,0,0,0,0,0,0,0,-0.00055444,-0.604,0,0,0,0,0,0,0,-0.599,0,0,0,0,0,0,0,0,0,0,0,ovarian
0.151,0,0,0,0,-0.374,0,0.157,0.157,0.147,0,0,0.151,-0.86184,0.122,0.122,0.168,-0.512,0.962,0.962,0,-0.90312,0.147,-1.293,-1.293,-0.335,0,-0.322,0,-0.263,-0.761,-0.383,-0.383,0.432,0,-0.433,-0.835,0.104,0.104,0,-0.378,-0.378,ovarian
0,0,0,0,0,0,-0.897,0,0,0,0,0,0,-0.90178,0,0,0,0,0,0,0,-0.90684,-0.88,0,-0.888,-0.893,0,0,0,-0.879,-0.879,0,-0.889,-0.393,0,0,-0.545,0,0,0,0,0,ovarian
0,0.467,0.467,-1.153,-0.832,0.277,-0.738,0,0,0.327,-0.462,-0.462,0,-0.20374,0,0,-0.039,-0.512,0,0,0,-0.46195,0.327,-0.86,-0.86,-0.577,0.463,0.463,0,-0.566,-0.566,0.369,0.369,-0.442,0.325,0.325,-0.566,0,0,-0.659,0,0,ovarian
0.287,0.359,0.359,-0.368,-0.368,0,0.297,0.362,0,-0.354,0.341,0,0.698,-0.36951,0.17,0.17,0,0,0.61,0.61,-0.732,-0.37019,0,-0.389,-0.389,-0.755,0,0,0.281,-0.362,-0.362,-0.272,0,0.238,0.824,0.824,0,0,0,0,0.172,-0.178,ovarian
0,3.657,3.657,0,0,-0.594,0,0,0,0,0,0,0,-0.59779,0.874,0.874,-0.574,-0.574,0,0,-0.615,-0.028036,0,-0.813,-1.217,-0.577,0,0,-0.615,-0.589,-0.589,-0.584,-0.584,-0.148,0,0,-0.593,0.53,0.53,-0.594,0.006,-0.598,ovarian
0,-0.106,-0.106,0,0,0.438,-0.605,0,0,0.415,-0.678,-0.678,0,-0.24192,0,0,0,0,-0.711,0,-0.659,-0.65864,-0.288,0,-0.712,-0.721,0,0,0.277,-0.44,-0.44,-0.715,-0.715,-0.114,0,0,0,0,0,0.396,-0.71,-0.23,ovarian
0,0.447,0.447,0,0,-0.26,0,0,0,-0.408,0.789,-0.354,0,-0.83333,0,0,0.419,0,-0.398,0,0,-0.35373,-0.408,-0.412,-0.412,-0.419,0.5,0.5,0.192,-0.423,-0.423,-0.411,-0.411,0,0.514,0.514,0,0,0.463,-0.412,-0.402,-0.402,ovarian
0.696,0.762,0.762,0.351,0.351,0.485,0,0.664,0.552,-0.478,0,0,1.01,-0.47838,-0.389,-0.389,0,0,0.18,0.348,-0.429,-0.0053992,0,-0.19,-0.19,-0.381,0.827,0.827,0.677,0,-0.438,0.771,0.771,0.28,1.769,1.599,0,0.333,0.69,-0.138,0,-0.39,ovarian
0,0,0,0,0,0,-0.902,0,0,0,0,0,0,-0.92294,0,0,0,0,0.749,0.749,0,-0.0036011,0,-0.891,-0.891,-0.866,0,0,0,-0.855,-0.855,-0.897,-0.897,-0.217,0,0,0,0,0,0,-0.903,-0.903,ovarian
0,0,0,0,0,0,0,0,0,0,0,0,0,-1.2929,0.606,0.606,0.675,0.675,0,0,0,-0.0036011,0,0,-0.725,0,0,0,0,-0.734,-0.734,-0.724,0,0,0,0,-0.712,0,0,0.612,-0.713,-0.713,ovarian
0.407,0.181,-0.381,0,1.181,0,0,0,0,-0.492,0.204,0,0.407,-0.54071,-0.396,0,-0.451,0,-0.49,-0.49,-0.506,0.071248,-0.492,0,-0.364,-0.512,0.082,-0.477,0.544,-0.489,-0.489,-0.489,-0.489,0,1.296,0.104,-0.477,-0.457,-0.457,-0.494,-0.493,-0.493,ovarian
0,0,0,0,0,-0.161,-0.411,-0.128,-0.128,-0.75,-0.288,-0.288,0.122,-0.77515,0,0,0,0,0,0,-0.764,-0.52898,0,0,0,0,0,0,0.595,-0.758,-0.758,-0.298,-0.298,-0.232,0,0,0.236,0.439,0,-0.344,-0.775,-0.775,ovarian
0,0.149,0.149,-0.497,-0.497,0,0,0.208,0.208,-0.185,-0.524,-0.524,0.193,-0.14257,0,0.358,0,0,-0.606,-0.606,-0.493,-0.52276,-0.185,0.377,0.377,0.198,0,0,-0.493,0,-0.483,0.392,0,-0.114,0.887,0.887,0,0.815,0.815,0,0,0,ovarian
0,0,0,-0.201,-0.083,0,-0.955,0,0,0,-0.96,-0.112,0,-0.96466,-0.823,-0.823,-0.953,-0.953,-0.855,0.118,-0.908,-0.017587,0,-0.953,-0.953,-0.955,0,0,-0.908,-0.941,-0.941,-0.943,-0.943,-0.347,0.158,0.158,-0.988,0.143,0.143,0,-0.929,-0.929,ovarian
0.369,0,0,0,0.202,0.173,0,0.307,0.307,0,0.435,0.435,0.369,-0.36578,0.642,0.642,0,0,0.353,0.353,0,0.43547,0,0,0,-0.312,0,0,0,0,0,0.289,0,0.103,0.922,0.922,0,0.386,0,-0.177,-0.362,-0.362,ovarian
0.378,-0.176,-0.176,0.464,1.317,0,-0.408,0,0,0,0.334,0.334,0.378,-0.50792,0.423,0.423,0.254,-0.272,-0.619,0,-0.416,0.41956,0.455,-0.062,-0.465,-0.539,0,0,-0.416,-0.449,-0.201,0.084,-0.376,-0.258,-0.527,-0.527,0,0.443,0.443,-0.551,0.446,-0.044,ovarian
0,-0.132,-0.132,0,0,0,0,0,0,-0.109,0,0,0,-0.83342,0,0,-0.119,-0.119,0,0,0,-0.019314,-0.109,0,0,0,0,0,0,-0.785,-0.785,0,0,0,0,0,0,0,0,0,0,0,ovarian
0,0,0,0,0,0,-0.932,0,0,0,0,0,0,0.020343,0,0,0,0,-0.968,0.942,-0.975,0.0073609,0,-0.954,-0.954,-0.944,0,0,-0.01,0,0,0,0,-0.206,0,0,-0.943,0,0,-0.955,0,0,ovarian
0,0,0,0,0,0,-0.819,0,0,-0.62,-0.273,-0.273,0,-0.00071667,-0.756,-0.245,0,0,-0.749,0.746,-0.264,-0.26825,-0.62,0,-0.81,-0.79,0,0,-0.264,-0.788,-0.788,0,0,-0.119,0,0,0,0,-0.683,0,0,0,ovarian
0,0,0,0,0.904,0,0.497,0.443,0.443,-0.529,0.544,0.544,0.975,-1.1874,0.234,0.234,0,0,-0.503,0,0,0.53872,-0.529,-0.508,-0.508,-0.48,0.99,0,0.713,0.059,-0.493,-0.542,0,-0.399,0.574,0.574,0,0,0.496,-0.522,0,-0.576,ovarian
0,0,0,-0.687,0,0,0,0,0,-0.756,0,0,0,-0.17146,-0.466,-0.466,0,0,-0.761,-0.761,0,-0.0031859,-0.756,0,0,0,0,0,0,-0.684,-0.684,0.633,0.633,-0.148,0,0,0,0,0,0,0,0,ovarian
0,0,0,0,0,0,0,0,0,0,0,0,0,0.0038854,0,0,0,0,0,0,0,0.0064389,0,0,0,0,0,0,0,0,0,0,0,0,0,0,0,0,0,0,0,0,ovarian
0,0.141,0.141,0,0.724,0,0.229,0,0,0,0.125,0.125,0.273,-0.66774,0.27,0.27,0,0,-0.514,0,-0.114,-0.069849,-0.295,-0.115,-0.426,-0.44,0.341,0,0.117,-0.498,-0.498,0.283,0,0,0.436,0.436,-0.41,0.119,0.119,0,-0.227,-0.227,ovarian
0,0,0,-0.662,-0.662,0,0,0,0,0,0,0,0,-0.65439,0,0,0,0,1.158,1.158,-0.679,0.033127,0,0,-0.682,-0.664,0.505,0.505,-0.679,0,-0.665,-0.68,-0.68,-0.144,0,0,0,0,0,0,-0.658,-0.658,ovarian
0.392,0.504,0.504,-0.788,-0.02,0.367,-0.354,0.562,0.414,-0.392,0.453,0.453,0.392,0.011958,-0.355,-0.355,0,0,-0.824,-0.824,0.82,-0.18496,0.392,0,0,-0.784,-0.316,-0.316,0.82,-0.409,-0.409,0,-0.355,-0.307,0.968,0.968,-0.447,0.673,0.673,-0.364,0,0,ovarian
0,0.639,-0.651,-0.636,0,0,0,0,0,0,0,0,0,-0.011749,0,0,0,0,-0.668,0,0,-1.0148,0.623,-0.653,-0.653,0,0,0,0,-0.638,-0.638,-0.656,-0.656,0,0,0,0,0,0,0,-0.647,0,ovarian
0,0,0,0,0,0,0,0,0,0,0.256,0.256,0,0.00458,0,0,0,0,0,0,0,0.24174,-0.711,0,0,0,0,0,0,0,0,0,0,0,0.625,-0.724,0,0,0,0,0,0,ovarian
-0.233,0.468,0,0,0,-0.437,-0.501,0,0,0,0.583,0,0,-1.0356,-0.5,-0.5,-0.478,0.08,-0.492,-0.492,0.458,-0.50514,0.885,0.126,-0.359,-0.558,0.723,0.723,0.458,0.338,0.338,0,0,-0.25,0.681,0.681,-0.484,0.109,0.109,-0.504,-0.461,-0.461,ovarian
0,-0.661,-0.661,-0.636,-0.096,-0.509,0,0,0,0,-0.647,-0.647,0,-0.67939,-0.647,-0.647,-0.644,-0.644,-0.67,0,0,0.02239,0,0,0.531,-0.637,0,0,0,-0.672,-0.672,0,-0.667,-0.438,0,0,0,0,0,0,-0.676,-0.676,ovarian
0,0.661,0.22,-0.41,1.258,0.198,-0.388,0,0,-0.421,0.699,-0.287,1.059,-0.0066029,0.117,0,0,0,0,0.551,0,-0.28655,-0.421,-0.431,-0.431,-0.413,0.703,0,0,0,0,0,0,0.116,0.806,0.806,-0.159,-0.418,-0.418,-0.378,0,0,ovarian
0,0.639,0,-0.506,0,-0.559,-0.395,0,0,0,0.461,0.461,0,-0.14901,-0.561,-0.561,0,0,-0.694,0.421,0.548,-0.020412,0,0.359,0,0,1.053,1.053,0.548,-0.589,-0.589,0.128,-0.847,0,0.419,0.419,0,0,0.45,0,-0.149,-0.149,ovarian
0.89,0.299,0,-0.104,0.141,0.316,-0.545,0.197,0.197,0.401,0,0,0.89,-0.57132,0.166,0.166,-0.55,-0.168,-0.559,-0.351,0,0.36756,0.401,0.366,0,-0.28,0.353,0.353,0,-0.554,-0.554,0,0,0.157,0.262,0.262,0.348,-0.114,-0.114,0,-0.555,-0.555,ovarian
0,0.482,0.482,-0.713,-0.713,-0.632,0.42,0,0,-0.624,0,0,0.653,-0.68899,-0.457,-0.319,0,0,0,0,0,-0.0082397,-0.624,0.116,-0.426,-0.527,1.086,0.596,0.754,-0.527,-0.527,0,0,-0.325,0,0,0,0,0.564,0,-0.664,-0.664,ovarian
0,0.116,0.116,0.2,0.2,-0.137,-0.589,0,0,-0.573,-0.231,-0.231,0.516,-0.22957,0,0,-0.572,-0.572,-1.055,-0.553,0,-0.23088,-0.573,-0.497,-0.958,-0.529,-0.175,-0.175,0,-0.562,-0.562,-0.555,-0.555,0.023,0.294,0.294,-0.598,0,0,0.357,-0.2,-0.2,ovarian
-0.114,3.657,3.657,-0.129,-0.02,-0.591,-0.605,0.486,0.486,-1.123,0.408,0.408,-0.114,-0.5706,0.592,0.592,-0.11,-0.11,-0.49,0,-0.118,0.30346,-1.123,-0.611,-0.611,-0.626,0.55,0.55,0.588,-0.157,-0.157,1.588,0,0.213,0.344,0.344,0.306,0.359,0.359,0.374,-0.592,-0.592,ovarian
0,0.55,0.55,0,0.905,-0.491,0,0,0,-0.535,0.344,0.344,1.984,-0.60022,-0.027,-0.027,0,0,0.424,0.424,-0.592,0.34339,-0.535,-0.553,-0.553,-0.548,0,0,-0.592,-0.519,-0.519,-0.565,-0.565,0,1.387,0.509,0.571,0.554,0.554,-0.549,-0.589,-0.589,ovarian
-0.384,0,0,0.224,0.224,-0.597,-0.327,0.506,0.506,-1.07,0.641,0,0.855,-1.0616,0,0,-0.563,-0.563,0.647,0.647,0.242,0.0051852,-1.07,0,0,-1.087,0.576,-0.544,0.242,-1.081,-1.081,-0.602,-0.602,0.053,0.765,0.765,0,0,-0.116,-0.547,-1.063,-1.063,ovarian
-0.523,0.507,0.507,0,0,-0.507,0.401,-0.515,-0.515,-0.521,0,0,1.555,-1.2929,0,0,0,-0.432,-0.55,0,0,0.54983,-0.521,-0.492,-0.492,-0.46,0.652,0.652,0,-0.478,-0.478,0,0,-0.296,0.612,0.612,0,-0.01,-0.552,0,-0.553,-0.553,ovarian
-0.149,-0.353,-0.353,-0.745,0.964,-0.626,-0.747,0,0,-0.732,-0.75,-0.75,0.64,-0.59653,-0.699,-0.699,-0.361,-0.361,0,0,0,-0.75048,0.725,-0.745,-0.745,-0.345,0.697,0.697,0.823,-0.321,-0.321,0.371,0.371,0,0.657,0.657,-0.353,0.587,0.587,-0.392,0.276,0.276,ovarian
-0.572,0.61,0,0,0.549,-0.557,-0.546,0.531,0,-0.558,0,0,1.685,-0.55437,-0.47,-0.47,-0.559,-0.559,-0.563,-0.563,-1.141,0.013353,-0.558,0,-0.556,-1.15,0.586,0.586,-1.141,-0.513,-0.513,0.297,0.297,-0.31,0.755,0.755,-0.565,0,0,-0.571,0,-0.554,ovarian
0.61,-0.529,0,0,0.433,0.499,0,0,0,-0.555,-0.431,-0.431,0.61,-0.69115,-0.436,-0.269,0,0,0.093,0.604,0,-0.52256,0,-1.14,-1.14,-0.46,0,0,0,-0.515,-0.515,-0.295,-0.295,0,0.112,0.112,-0.528,0,0,-0.561,-0.622,-0.622,ovarian
1.019,0.853,0.361,-0.507,-0.507,0.394,-0.769,0.558,0,0,3.657,-0.447,0.657,0.40611,-0.541,-0.219,0,0,0,0.794,0.373,-0.44448,0,0,0,-0.478,0,0,0.777,-0.499,-0.499,0.84,0.84,0.121,0.537,0.376,0,0.798,0.798,0,-0.101,0,ovarian
0,1.772,0,0,1.75,0,0.864,0.857,0.857,0,1.736,0,2.674,-1.0062,0.839,0.839,0,0,0,0.865,1.754,-0.0016802,0.861,0,0,-0.982,2.52,0,1.754,0,-0.933,0,0,0.382,3.322,2.724,0,0,0,0,-0.954,-0.954,ovarian
-0.776,0,0,1.045,1.915,0,-0.9,0,0,0,0.7,-0.174,-0.883,-0.90386,0.591,-0.37,0,0,0,0,0,-0.89792,0,-0.132,-0.932,-0.979,0.112,0.112,0,-0.975,-0.975,0,0,-0.288,0.722,0.722,0,0,0,0,-0.872,-0.872,ovarian
0,-0.251,-0.251,0,0,0,-0.354,0,0,0,0,0,0,-0.058848,0,0,-0.245,-0.245,0,0,-0.203,-0.34454,0,0.119,0.119,-0.659,0.132,0.132,-0.203,0,-0.701,0,0,-0.205,0,0,0,0,0,-0.839,0,0,ovarian
0.698,0.299,0.299,-0.137,0.631,-0.145,0.291,0,0,-0.129,0,0.683,0.698,-0.14676,0.296,0.296,0.285,0.139,0.197,0.754,-0.1,0.68273,0.164,-0.132,-0.132,-0.121,0.589,-0.134,-0.1,-0.117,-0.117,0,0,0.175,1.074,1.074,0.277,0.718,0.718,-0.595,-0.147,-0.147,ovarian
0.573,0,0,0.442,0.99,0.493,-0.232,0.325,0.325,0.505,1.044,0,0.573,-0.58951,2.13,0.922,-0.627,-0.627,1.162,1.162,-0.572,-0.57891,0.505,-1.203,-1.203,-0.615,0.408,0.408,-0.572,0,-0.558,-0.122,-0.122,0.403,2.365,0.513,0,0,0,-0.605,0,-0.589,ovarian
0,0,0,0,0,0,0,0,0,-0.808,0,0,0,-0.85003,0,0,0,0,0,0.785,-0.808,0.022164,-0.808,-0.81,-0.81,-0.814,0,0,-0.808,0,-0.797,0,0,-0.21,0,0,-0.796,0,0,0,-0.832,-0.832,ovarian
0,0,0,-0.74,-0.74,0,0,0.6,0.6,0,0.897,0,0,-0.72813,-0.717,-0.717,0.784,0,0,0,0,-0.010964,-0.792,0,0,-0.771,0,0,0,0.88,0.88,0,0,-0.372,1.004,1.004,0,0.624,0,0.125,0,0,ovarian
0.633,0,0,0,0,0,0,0,0,0,0,0,0.633,-0.74495,-0.729,-0.729,0,0,-0.771,0,0,-0.065382,0,0,0,0,0,0,0,-0.753,-0.753,-0.728,-0.728,-0.066,0,0,0,0,0,0,-0.745,-0.745,ovarian
-0.199,-0.052,-0.479,-0.255,0.432,-0.478,-0.484,0.138,0.138,-0.463,0.511,0.511,0.279,0.55957,-0.268,-0.105,-0.463,-0.463,-0.535,0.469,0.235,0.51124,-0.463,-0.331,-0.331,-0.411,0.117,0.117,0.527,-0.283,-0.706,-0.209,-0.209,-0.17,0,0,0,0.117,0.117,-0.447,-0.408,-0.408,ovarian
-0.174,-0.857,-0.857,0,0,0,-0.801,0,0,0,0,0,-0.174,-0.87348,0,0,0,0,0,0,-0.8,-0.081119,0,-0.843,-0.843,-0.812,0,0,0,-0.81,0,0,0,0.421,0,0,0,0.151,0.151,-0.152,0,0,ovarian
0,-0.106,-0.106,0.593,0.957,0,-0.52,0,0,0,0.421,0.421,0.322,0.76293,2.83,2.383,0,0,-0.13,0.398,-0.303,0,0,0.594,-0.461,-0.265,0.755,0.346,0.214,-0.508,-0.508,0.299,0.299,-0.16,0,0,0,0.59,0.59,-0.164,0.133,0.271,ovarian
0,-0.827,0,-0.862,-0.862,0,0,0.18,-0.198,-0.864,0,0,0.77,-0.88549,0,0,0,0,0,0,0,-0.0090633,-0.864,0,-0.864,-0.812,0,0,0,-0.865,-0.865,0,-0.876,-0.366,-0.865,-0.865,0,0,0,0,0,-0.834,ovarian
0.41,1.629,-0.189,-0.151,1.085,0,-0.713,1.237,1.121,-0.645,0.635,0.635,0.41,-0.68979,0.596,0.596,0,-0.643,-0.339,0.272,0.644,0.54219,0,0,-0.622,-0.708,1.108,0,0.644,0,0,0,0,0.216,0.988,0.988,0,1.093,1.093,-0.706,0,-0.623,ovarian
0.116,0.304,0.091,0,0.245,0.279,-0.414,0.368,0.552,0.232,-0.279,-0.279,0.116,-0.78224,0.322,0.322,0.166,0.166,-0.063,0.204,-0.168,-0.53941,0.232,-0.353,-1.083,-0.707,0,0,0,0.114,-0.158,0.308,-0.076,0,0.973,0.973,0.544,0.377,0.016,-0.726,-0.007,-0.255,ovarian
0,-0.141,-0.141,0,0,-0.109,0,0,0,0,0,0,0,-0.52503,0,0,0,0,0.122,0,-0.239,0.63335,0,0,0,0,0,0,-0.239,-0.529,-0.529,-0.527,-0.527,-0.146,0.635,0,0,0,0,0,0,-0.519,ovarian
-0.686,-0.108,-0.108,0,0,0,0,0,0,-0.669,0,0,-0.686,-0.70697,0.214,0,0,0,-0.691,0,0,-0.67168,-0.669,0,-0.69,-0.69,0,0,0,-0.668,-0.668,0,0,-0.196,0,0,0,0,0,-0.669,0,0,ovarian
0.93,0.932,0.932,0,0,0,0,0,0,0,0,0,0.93,-0.031905,0,0,0,0,0,0,0,-0.014174,0,0,0,0,0.883,0.883,0,0,0,0,0,0.163,0,0,0,0.961,0.961,0,0,0,ovarian
0.062,0.156,0.156,-0.25,0,0,-0.188,0,0,-0.242,1.081,1.081,0.162,-0.008654,-0.211,-0.211,0.181,0.181,0,0.57,-0.281,0.1076,-0.242,-0.232,-0.232,-0.232,0.589,0.589,0.083,-0.174,-0.174,-0.232,-0.232,0.125,0,0.315,0,-0.237,0.11,-0.218,0,0,ovarian
0,-1.187,-1.187,0,0,0,-0.613,0,0,0,0.071,-0.579,1.132,-0.010709,0,0,-0.573,-0.573,-1.281,3.657,0,-0.57943,0,-1.217,-1.217,-0.564,0,0,0,-0.554,-0.554,-0.583,-0.583,-0.556,0.54,0.54,0,-0.608,-0.608,-0.573,0,0,ovarian
0.825,0,0,1.182,1.645,0.264,0,0,0,0.401,0.135,-0.399,0.825,-0.42713,-0.41,-0.41,0,0,0.052,0.444,-0.461,-0.45544,0.401,-0.429,-0.429,-0.444,0.341,0.341,-0.461,-0.425,-0.425,-0.393,-0.393,0,0.776,0,0,0,0,-0.389,-0.417,-0.417,ovarian
0,0,0,0,0.657,0,0,0,0,0,0,0,0,0.52993,0.098,0.098,0,0,0.155,0.155,0,-0.03974,0,0,0,0,0.126,0.126,0,-0.043,-0.721,0,0,-0.494,0,0,0,0.524,0.524,0,0,0,ovarian
0.74,1.585,0,-0.637,-0.637,0,-0.603,3.657,0,-0.3,0,-0.128,0.74,-0.6765,-0.177,-0.177,0.116,0.116,-0.273,-0.273,0.177,-0.15878,-0.3,-0.723,-0.723,-0.798,0.119,0.119,0.527,-0.291,-0.291,0.304,0,0,0.842,0.842,-0.727,0.658,0.337,0,-0.677,-0.677,ovarian
0,0,0,-0.611,0,-0.562,-0.595,0,0,-0.584,-0.559,-0.559,0,0.00041593,0,0,0,0,-0.611,-0.611,0,-0.60458,-0.584,0,0,-0.595,0.481,0,0,-0.564,-0.564,-0.593,-0.593,-0.263,0,0,-0.588,0,0,-0.609,-0.581,-0.581,ovarian
0,0,0,0,0,0,0,0,0,0,-0.47,-0.47,0,-0.88054,0,0,0,0,-0.867,-0.091,-0.884,-0.47543,0,-0.641,-0.641,-0.877,0,0,-0.884,-0.877,-0.877,-0.864,-0.864,-0.199,0,0,0,0,0,0,-0.873,-0.873,ovarian
0.546,0.96,0,0,0,1.013,-0.673,0,0.499,0.499,0,0,0.546,-0.63088,0.927,-0.118,0,0,0,0,0.165,0.010146,0.499,-0.701,-0.701,0,0.475,0,0.165,0,0,0.58,0.58,0,0,0,0,0.616,0,0,-0.666,-0.666,ovarian
0,0,0,0,0,0.102,-0.567,0.542,0,0.561,0,0,0,-0.51764,2.266,0,0,0,-0.528,1.018,-0.525,-0.50505,0.055,-1.165,-1.165,-0.543,0,0,-0.525,0,-0.557,0,-0.473,-0.171,-0.485,-0.485,-0.519,0,0,-0.512,-0.509,-0.509,ovarian
0.224,0.938,-0.723,-0.723,-0.486,-0.713,-0.709,-0.701,-0.701,0.458,-0.502,-0.696,0.224,0.39138,1.331,1.331,-0.199,-0.199,-0.729,-0.265,0.244,-0.69627,0.458,0,0,-0.441,0,0,0.244,-0.724,-0.724,-0.752,-0.752,-0.294,-0.236,-0.236,-0.196,0.216,0.216,-0.74,-0.195,0,ovarian
0,0.3,0.3,-0.181,0.098,-0.141,0,0.112,0,0,0.299,0,0,-0.31879,0,0,0,0,-0.408,0,0.308,-0.0030475,0,-0.144,-0.144,0,0.299,0.299,0.308,-0.386,-0.386,0,0,0.168,0.442,0.442,0,0,0,0,0,-0.269,ovarian
0,-0.127,0.151,0,0.347,-0.462,-0.261,0,0.154,0,0,0,0,-0.86806,0,0,0,0,0.512,0.512,0.312,-0.82619,0.501,-0.119,-0.119,0.187,0,0,0.312,-0.2,-0.34,-0.154,-0.154,0.271,0,0.489,-0.119,0.203,0.203,-0.372,-0.249,-0.249,ovarian
0.538,0.567,0.567,0,0,0,-0.588,0,0,0,0,0,0.538,-0.31597,0,0,0,0,0.589,0.589,0,-0.01106,0,-0.571,-0.571,0,0,0,0,-0.601,-0.601,0,0,-0.176,1.525,1.012,0,-0.589,-0.589,0,-0.263,-0.263,ovarian
0,0,0,0,0,0,-0.844,0,0,0,0,0,0,-0.86076,0.1,0.1,0,0,0,0,0,-1.2929,0,-0.71,-0.813,-0.765,-0.78,-0.78,0,-0.783,-0.783,-0.764,0,0,0,0,0,0,0,-0.756,0,0,ovarian
0,0,0,0,0,0,-0.845,0.696,0,0,0,0,0,-0.85728,0,0,0,0,0,0,0,-0.8572,0,-0.848,-0.848,-0.852,0,0,0,-0.824,-0.824,0,0,-0.207,0,0,-0.243,-0.883,-0.883,0,0,-0.855,ovarian
0.61,0.541,0,0,0.561,0,0,0.541,0.541,0,0,0,0.61,0,0,0,0,0,0.619,0.619,-0.618,0.5562,0.443,0,0,0,0.463,0,-0.618,0,0,0,0,0,0.54,0.54,0,0,0,-0.637,0,0,ovarian
0,0,0,-0.229,-0.229,-0.57,-0.2,0,0,-0.557,-0.557,-0.557,0,-0.57792,0,0,0,-0.573,0,0,0,-0.98864,0.045,-0.253,-0.253,0,0,0,0,-0.557,-0.557,-0.36,-0.36,0,0,0,0,0,0,-0.205,-0.578,-0.578,ovarian
0,0.678,0,-0.851,-0.851,0,-0.219,0,0.382,-0.875,0,-0.781,0,-0.84851,0,0,0,0,0,0,0,-0.86639,-0.875,0,-0.876,0,0,0,0,-0.828,-0.828,1.197,1.197,-0.216,0,0.724,0,0,0,-0.88,0,0,ovarian
0,0,0,0,0.385,-0.615,-0.589,0,0,-0.156,0.564,-0.214,1.24,-0.61393,0.639,0.639,0.318,0,0.547,0.547,-0.585,-0.23899,-0.156,0.265,0.265,-0.627,0,-0.188,0.665,-0.583,-0.583,0,0,-0.128,0.557,0.557,0,0.151,0.253,-0.22,0.409,-0.586,ovarian
0.402,0.38,0,-0.106,0,0.226,0.117,0.334,0.334,0,0.153,0.153,0.402,-0.099077,0,0,0,0,-0.416,-0.101,0,0.15339,0,-0.164,-0.164,0,0.212,0.212,0,0,0,-0.112,-0.112,0,0.508,0.508,0,0.178,0.178,0,0,0,ovarian
0,0,0,0.256,0.256,0,-0.901,0,0,0,0,0,0,-0.88274,0,0,-0.929,-0.929,0,0,0,0.11446,0,-0.155,-0.155,-0.923,0,0,0.122,-0.889,-0.889,-0.925,-0.196,-0.518,0,0,0,0,-0.905,0,0,-0.867,ovarian
0,0,0,0,0,-0.154,-0.858,0,0,0,0,0,0,0.021043,0,0,0,0,0,0,-0.784,0.018523,0,0,0,-0.878,0,0,-0.784,-0.839,-0.839,-0.884,-0.884,-0.287,0,0,0,0,0,0,-0.892,0,ovarian
0,0.437,0.312,0,0,0,-0.579,0.508,0.508,-0.548,0.508,0,0,-0.58412,0,-0.505,-0.549,-0.549,-0.594,-0.594,0,-0.54854,0.634,0,-0.109,-0.526,0.59,0.105,0,-0.521,-0.521,-0.567,-0.567,0,1.14,1.14,-0.569,0,0,-0.549,0,-0.572,ovarian
-0.431,0,0,-0.501,-0.501,-0.46,0,0,0,0.133,-0.408,-0.408,-0.256,-0.092081,0.143,0.143,0.138,0.138,-0.45,-0.173,-0.29,-0.40804,0.133,-0.345,-0.345,-0.427,0.526,0.526,-0.29,0,-0.399,-0.22,-0.22,0.144,0.143,0.143,-0.391,-0.31,-0.31,-0.261,0.131,0.131,ovarian
0,-0.854,-0.854,0,0,0,-0.862,0,0,0,0,0,0.776,-0.85543,0,0,0,0,0.869,1.758,0,0,0,0,0,-0.869,0,0,0,-0.859,-0.859,0,0,0.215,0,0,0,-0.811,-0.811,0,0,-0.855,ovarian
0,0,0,0,0,0,0,0,0,0,0,0,0,0.045295,-0.832,-0.832,0,0,0,0,0,-0.86483,0,0,-0.713,-0.85,0,0,0,0,-0.783,-0.83,-0.83,-1.293,0,0,0,0,0,0,-0.821,0,ovarian
0.207,0,0,-0.155,0.656,-0.615,-0.473,-0.287,-0.287,-0.416,0,0.212,0.207,-0.82048,0.684,0.684,-0.151,-0.727,-1.079,-0.69,-0.729,0.21238,-0.416,-1.009,-1.009,-0.652,0.421,0,0,-0.313,-0.313,0.563,0.355,-0.137,0.848,0.714,0,0.116,0.116,-0.559,-0.818,-0.818,ovarian
0,-0.729,-0.729,-0.739,-0.739,0,0,0,0,0,0,0,0,0,-0.695,-0.695,0,0,0,0,-0.739,-0.74325,0,-0.729,-0.729,0.138,0,0,-0.739,-0.693,-0.693,-0.737,-0.737,-0.335,0,0,-0.728,0,0,-0.716,0,0,ovarian
0,0,0,0,0.569,-0.14,0,0,0,-0.627,0,0,0,0,-0.414,-0.414,0,-0.26,0,0,0,0.053806,-0.627,-0.581,-0.581,-0.561,0,0,0.62,-0.56,-0.56,0,-0.627,0,0.406,0,0,0,0,0,0,0,ovarian
-0.247,1.036,0.262,0,0,0,-0.378,0,0,-0.39,0,0,-0.247,-0.35225,0.124,0.124,0,-0.285,0.254,0.254,0,0.060508,-0.39,-0.26,-0.798,-0.38,0,0,0,-0.358,-0.358,-0.387,-0.387,0,0.378,0.378,0.304,0,0,0,0.062,-0.355,ovarian
0,0.605,0,-0.623,0.322,-0.599,-0.637,0,0,0,0,0,1.203,0.58184,-0.584,-0.584,0,0,-0.423,0.189,-0.195,0.016006,0.846,-0.628,-0.628,0,0.601,-0.632,-0.195,-1.275,-1.275,0,0,-0.233,1.346,1.346,0,-0.423,-0.661,-0.622,0.609,0.609,ovarian
0.379,0,0,-0.85,0,0,0.365,0.341,0.341,0,-0.424,-0.424,0.379,-0.035721,-0.809,0,0,0,-0.441,0.413,-0.866,-0.40888,0,0,0,0,0,0,-0.866,-0.833,-0.833,0,0,0,0,0,0,0,0,0,0,0,ovarian
-0.304,0.129,0,-0.305,-0.305,0,0,0,0,-0.299,0.222,0.222,-0.304,-0.30051,-0.268,0,-0.139,-0.139,-0.66,0,-0.332,0.2216,-0.299,-0.315,-0.315,-0.3,0,0,-0.332,-0.242,-0.242,-0.301,-0.301,0,0.19,0.19,0,0.196,0.196,-0.3,-0.301,-0.301,ovarian
0.347,0.369,0.369,0,0.45,-0.359,-0.119,0.28,0.28,-0.364,0.346,0.346,0.347,-0.35271,0,0.768,0,-0.35,-0.46,0.3,0,0.41111,0,-0.366,-0.366,0.179,0,0,0,-0.34,-0.34,0,0,0,0.426,0.426,-0.199,0.169,0.169,-0.522,-0.399,-0.399,ovarian
0.107,0,0,-0.594,0.089,-0.577,-0.226,0.139,0.139,-0.549,0,0,0.216,-0.35909,0,0,0,0,-0.933,0.771,0,0,1.004,-0.558,-0.558,-0.552,0.351,0.351,0,-0.552,0,1.07,1.07,0.165,0.524,0,-0.56,0,0,-0.558,-0.472,0,ovarian
0,0,0,-0.856,-0.856,0.542,0,0,0,0.552,0,0,0,-0.85221,0,0,0,-0.832,-0.828,0,-0.84,0.06116,0.552,-0.867,-0.867,0,0,0,0,-0.841,-0.841,-0.843,-0.843,-0.349,0,0,0,0,0,-0.757,-0.835,-0.835,ovarian
0,0,0,0,0.104,0,0,0,0,0,0,0,0,-0.036674,-0.676,-0.676,0,0,0,0,0,-0.00041585,0,-0.773,-0.773,-0.524,0,0,0,-0.732,-0.732,-0.773,0,0,0,0.719,0,0,0,0,-0.797,-0.797,ovarian
0,0,0,0,0.476,-0.43,0,0,0,0,-0.411,-0.411,0,-0.46414,0,0,-0.432,-0.432,0,0,-0.456,-0.80015,1.274,-0.428,-0.428,-0.441,0,0,-0.456,0,-0.964,-0.447,-0.447,-0.178,-0.435,-0.435,0,-0.455,-1.009,-0.451,-0.458,-0.458,ovarian
0,0,0,0,0,0,0,0,0,-0.712,-0.046,-0.833,0,-0.85995,0.114,0.114,0,0,-0.067,0.787,0,-0.84353,0,-0.82,-0.82,-0.793,0,0,0,0,-0.787,0,-0.844,-0.234,0.791,0,-0.843,0.813,0,0,0,0,ovarian
0,0,0,0.588,1.009,0,0,0,0,0,0,0,0,-0.59818,0,0,0.364,0.364,0.545,0.545,0,-0.6201,0.589,0,0,0.491,0,0,0,0,0,-0.15,-0.15,0.164,0.502,0.502,0,0,0,-0.191,0,0,ovarian
0.465,0,0,0,0,-0.157,-0.311,0.123,0.123,-0.122,0,0,0.465,-0.45115,0,0,0.352,0.352,-0.414,-0.414,0,-0.1403,-0.122,0,0,0,0.107,0.107,0,-0.174,-0.275,-0.393,-0.393,0,0.192,0.192,-0.312,0.477,0.477,0.742,-0.374,-0.374,ovarian
0,0,0,0,1.081,-0.96,-0.986,0,0,0,0,0,0,-0.97217,-0.91,-0.91,0,-0.974,0.065,1.036,-0.908,0.047694,0,-1.004,-1.004,-0.968,0,0,0,-0.949,-0.949,0,0,0.206,0,0,0,0,0,0,0,-0.972,ovarian
0,-0.241,-0.824,-0.131,0,-0.415,-0.146,0,0,0,-0.855,-0.855,0,-0.86782,0,0,0,0,0,0,-0.861,-0.073476,0,0,0,0,0.773,0,-0.861,-0.827,-0.827,0,0,0,-0.412,-0.412,0,1.25,1.25,-0.285,-0.868,-0.868,ovarian
0.414,-0.103,-0.103,0.28,0.28,0.116,-0.518,-0.297,-0.741,-0.686,0.499,0.499,0.414,0.36526,-0.582,-0.582,0,0,-1.21,3.657,-0.225,-0.7123,-0.686,-1.189,-1.189,-0.63,-0.11,-0.11,0.444,-0.647,-0.647,0.166,0.166,0,0.581,0.581,0,-0.312,-0.736,0.332,0.365,0.365,ovarian
0,0,0,0,0.769,0,0,0,0,0,0,0,0,-0.833,0,0,0,0,-0.317,0.54,0,-0.21397,0,0,0,-0.811,0.691,-0.868,0.726,-0.855,-0.855,-0.412,-0.841,-0.58,0.658,0.658,0,0,0,0,0,-0.833,ovarian
0,0,0,0,0,0,-0.921,0,0,-0.938,0,0,0,-0.94905,-0.912,-0.912,0,0,-0.944,0,0,-0.94137,-0.938,-0.93,-0.93,0,0,0,0,0,-0.907,0,0,-0.272,0,0,-0.926,0,0,0,0,0,ovarian
0.326,0.188,0.188,0,0.472,-1.293,0,0,0,0,-0.619,-0.619,0.326,-0.24691,0.505,0.505,0,0,0.497,0.497,0,-0.63595,0,0,0,-0.615,0.378,0.378,0,-0.426,-0.593,-0.533,-0.533,0,0.548,0.548,0,0.447,0.447,-0.629,0,0,ovarian
0.589,-0.103,-0.103,-0.104,1.381,0.575,0,0.566,0.566,0,0.616,0.616,0.589,-0.90244,0.401,0.166,0.578,0.578,0,0,0,0.61589,0,-0.372,-0.905,-0.182,0,0,0,0.48,0.48,0,-0.802,-0.284,-0.152,-0.152,-0.146,-0.115,-0.115,0,0,0,ovarian
0,0.558,0,-0.667,-0.667,0,-0.233,0.779,-0.141,-0.678,1.213,0.787,0.455,0.49303,0,0.423,-0.118,-0.682,2.373,0.358,1.172,-0.42637,-0.678,0,-0.639,-1.293,1.034,0,1.172,0,0,0,-0.586,-0.642,0.365,-0.255,0.3,-1.293,-1.293,-0.657,0,0.359,ovarian
0,0.548,-0.448,0.33,0.33,-0.34,0,0.345,0.345,-0.492,0,0,0.359,-0.83938,0,0,0.806,0.806,-0.893,0,0.106,0.050108,-0.492,0.367,0.367,-0.41,1.042,0,0.462,-0.471,-0.471,0,0.143,0.204,1.552,1.552,-0.432,0,0,0,-0.486,-0.486,ovarian
0,0,0,0,0,-0.616,0,0,0,0,-0.628,0,0.605,-0.62713,0,0,0,0,0.615,0.615,0,0.0029143,-0.547,0,0,0,0,0,0,-0.599,-0.599,0,-0.621,-0.316,0,0,0,0,0,0,0,-0.615,ovarian
0,0,0,0,0,0,-0.867,0,0,0,0,0,0,0.035524,0,0,0,0,0,0,0,-0.015329,0.745,-0.88,-0.88,0,0,0,0,-0.863,-0.863,0,0,0,0,0,0,0,0,0,-0.87,-0.87,ovarian
0,0.596,0.596,0,0.539,0,-1.293,0.53,0.53,0.403,0,0,2.739,-0.6165,1.405,1.405,0,0,-0.348,-0.348,0.511,-0.01158,1.08,0.564,0,0,0.565,0.565,0.511,0,0,2.177,1.178,0.548,1.141,1.141,1.346,0.453,0.453,0,0,0,ovarian
0,0,0,0,0,0.305,-0.229,0.357,0,0.303,0.702,0,0,-0.21218,-0.411,-0.205,-0.11,-0.11,0.872,0.872,-0.215,0,0.303,-0.14,-0.14,-0.817,0,0,-0.215,-0.187,-0.187,0.457,0,0,0.887,0.887,0.118,0.338,0.338,-0.161,-0.212,-0.212,ovarian
0,0,0,0,0,0,0,0,0,0,0,0,0,-0.74542,0,0,0,0,0.652,1.416,0,-0.74976,0,0,0,0,0,0,0,0,-0.733,-0.746,-0.746,0,0,0,0,0,0,0,0,-0.745,ovarian
0,-0.202,-0.202,-0.76,0.738,0,0,0.204,0.204,0.199,0.306,0,0.585,-0.82515,0,0,-0.385,-0.385,-0.123,-0.123,-0.053,-0.26519,0.199,-0.729,-0.729,-0.74,0,0,-0.053,-0.442,-0.442,-0.446,-0.446,-0.26,0.316,0.316,-0.382,0.132,-0.486,0,-0.508,-0.508,ovarian
0.009,3.657,3.657,0,0.968,-1.155,0.124,-0.182,-0.182,-0.379,-0.429,-0.429,0.326,-0.89335,-0.292,-0.485,-0.228,-0.228,-1.093,0,0,-0.42851,0,-0.175,-0.596,-0.378,0,0.114,0,-0.369,-0.486,0,0,-0.432,0.698,0.409,-0.321,-0.219,-0.349,-1.052,0.139,0,ovarian
0,-0.969,0,0,0,0,0,0,0,0,0,0,0,-0.96541,0,0,-0.965,-0.965,0,0.795,-0.959,-0.011473,-0.892,-0.952,-0.952,-0.96,0,0,-0.959,-0.96,-0.96,0,0,0,0,0,0,0,0,0,0,0,ovarian
-0.178,0.585,0.174,-0.863,-0.863,0.269,-0.551,-0.175,0.309,-0.481,-0.885,-0.885,-0.178,0.18495,0,0,-0.882,0,0.563,0.563,0.535,-0.90866,0.103,0,-0.135,-0.437,0.865,0.186,0.667,-0.881,-0.881,-0.547,-0.547,-0.09,0.575,0.575,-0.293,0.569,0.569,-0.133,0.185,0.185,ovarian
0,0,0,0,0,0,0,0,0,0,-0.771,-0.771,0,-0.80617,0,0,0,0,0,0,0,-0.83773,0.617,-0.793,-0.793,-0.781,0,0,0,-0.738,-0.738,-0.771,-0.771,-0.139,0,0,0,0,0,0,-0.821,-0.821,ovarian
-0.052,0.374,0,0,0,0,-0.791,0,0,-0.733,0.758,0.758,0.137,-0.4934,-0.35,0,0,0,-0.834,0.596,-0.352,0.1437,-0.733,0,-0.361,-0.501,-0.137,-0.278,0.187,0.124,0.124,-0.514,-0.514,0,0.102,0.102,0,0.253,0.253,0,-0.5,-0.5,ovarian
0,0.503,0.503,0.428,0.428,0,-0.569,0.492,0,-0.531,0,0,0,-1.1533,0.565,0.787,1.067,0,0,0,-0.551,-0.55897,0,0.527,0.326,0,1.054,1.054,-0.048,0.549,-0.006,0.54,0.54,-0.15,0.498,0.498,0,0.366,0.366,-0.586,-0.591,-0.591,ovarian
-0.81,0.782,-0.832,-0.135,-0.135,0,0,0,0,-0.837,0,0,0,-0.84451,0,0,0,0,0,0,0,0.071248,-0.837,-0.822,-0.822,-0.681,0,0,0,0,-0.809,-0.837,-0.837,-0.303,0,0.72,0,-0.788,-0.788,0,-0.838,-0.838,ovarian
0,-0.615,-0.615,0,0,-0.131,-0.461,0,0,-0.66,0,0,0,-0.75213,0,-0.469,-0.602,-0.329,-0.71,-0.71,-0.617,-0.077253,-0.66,0,-0.744,-0.603,0,0,-0.617,0.511,-0.067,-0.123,-0.772,-0.305,0,0,0,0,0,0,0.07,-0.107,ovarian
0,0.37,0,0.108,0.108,-0.78,0,0.108,0.108,0,-0.315,-0.315,0,-0.82208,-0.699,-0.699,-0.703,-0.703,0,0,-0.029,-0.54279,0,-0.302,-0.302,-0.733,0.355,0.355,0.132,-0.657,-0.657,0,0,-0.165,0.113,0.113,-0.778,0,0,-0.768,0,-0.746,ovarian
0,0,-0.581,-1.203,-1.203,-0.558,0,0,0,-0.55,0,0,0,-0.55256,0,0,0.549,0,-1.207,-0.551,0,-0.56406,-0.55,-0.546,-0.546,-0.557,0.519,0.519,0,-0.58,-0.58,-0.578,0,-0.226,0.553,0.553,0,0.538,0.538,-0.561,-0.549,-0.549,ovarian
0,0,0,0,0,0,-0.705,0,0,0,0,0,0.67,0.044695,0,0,0,0,0,0.61,-0.731,0.004719,0,-0.648,-0.648,-0.692,0,0,0,0,0,0,0,-0.33,0,0,0,0.624,-0.737,0,0,0,ovarian
0,1.502,-0.284,-0.286,-0.052,-0.805,-0.812,0,0,0,0,0,0,-0.83179,-0.689,-0.689,0,0,0,0,0,-0.0019399,-0.806,0,0,0,0,0,0,-0.774,-0.774,-0.818,-0.818,-0.576,0,0,0,0,0,-0.788,-0.831,-0.825,ovarian
0.801,0.365,0,0,0,-0.425,-0.84,0,0,-0.81,0.147,0.147,0.801,-0.852,0.111,0.111,-0.36,-0.36,-0.811,0,-0.36,0.07053,-0.336,-0.731,-0.731,-0.827,0.611,0.157,-0.36,-0.771,-0.771,-0.322,-0.322,-0.316,-0.3,-0.3,0,0.108,0.108,-0.68,-0.824,-0.824,ovarian
0,0,0,0,0,-0.904,-0.899,0,0,0,0,0,0,-0.88249,0,0,0,0,0.853,0.853,0,-0.91317,0,0,0,0,-0.89,-0.89,0,-0.936,-0.936,0,0,-0.243,0.681,0,0.681,0,0,0,-0.885,-0.885,ovarian
0,0,0,0,0,0,0,0,0,0,0,0,0,-0.019788,-0.733,-0.733,0,0,0,0,0,0.0037905,0,0,0,0,0,0,0,0,0,0,0,0,0,0,0,0,0,0,0,0,ovarian
0.53,0.491,0.491,-0.538,-0.031,0.469,0.971,0,0,0,0.489,0.489,0.53,-0.55807,-0.059,-0.522,-0.546,-0.546,-0.521,-0.008,-0.56,0.50568,0,-0.542,-0.542,-0.541,0,0,-0.56,0,-0.546,-0.552,-0.552,0,0.519,0.519,0.514,0.483,0.483,-0.563,-0.555,-0.555,ovarian
-0.534,0.597,0.597,-0.546,-0.546,-0.53,-1.293,0,0,-0.125,0.588,0.588,0.154,-0.52885,0.301,0.301,0,0,-0.574,-0.574,0,0.5882,-0.125,-0.585,-0.585,-0.617,0.103,0.103,0,-0.607,-0.607,-0.48,-0.48,-0.214,0.61,0.61,-0.52,0.658,-0.571,-0.57,-0.55,-0.55,ovarian
-0.338,0.466,-0.331,-0.336,0.116,-0.146,0,-0.185,-0.185,-0.315,0.207,0,0.412,-0.074001,-0.31,-0.31,-0.263,-0.263,-0.702,0.563,-0.349,0.053806,-0.315,-0.32,-0.32,-0.307,0,0,-0.004,0.134,0.134,0,0,0,0,0,-0.136,0.536,0.536,-0.321,-0.264,0,ovarian
0.715,0,0,-0.13,-0.13,0,-0.106,0,0,0,0,0,0.715,-1.2929,0,0.69,0,0,0.624,0.624,0.635,-0.094181,-0.843,-0.905,-0.905,0,0,0,0.635,0,0,0.584,0.584,0,0.661,0.661,0,1.166,1.166,0,0,0,ovarian
0.809,0.109,0.109,0,0.619,0.123,-0.328,0.111,0,-0.622,0.162,0.162,0.809,-0.17013,0,0.125,-0.424,-0.424,0.341,0.341,0.257,0.16227,0.48,0.037,-0.204,0.202,0.525,0.525,0.257,-0.387,-0.496,0.156,0.044,0,0,0,0,0,0,-0.487,-0.138,-0.138,ovarian
0,2.147,0.348,0,0.567,0.441,0.281,0,0,0,0,0,0.451,-0.060345,1.85,1.85,0.534,0,0.5,0.5,-0.611,0.013074,0,-0.142,-0.142,-0.61,0.473,0.473,-0.611,-0.581,-0.581,-1.293,-1.293,0,0.802,0.802,0,0,0,-0.629,0,0,ovarian
-0.104,1.427,0.941,-0.181,-0.181,0.262,-0.143,0.72,0.72,-1.173,0.798,0,0.844,0.32334,0.25,0.25,-0.117,0.227,-0.561,0,-0.24,-0.074945,-1.173,-0.144,-0.68,-1.293,0.471,0.471,-0.24,0,-0.134,0.453,0,0,0.758,0.758,-0.12,0.649,0.649,0,-0.136,-0.136,ovarian
0,0,0,0,0,0,-0.852,0,0,0,0,0,1.771,0.012516,0,0,0.84,0,0.044,0.878,-0.84,0.81708,0,0.12,0.12,-0.857,0.115,0.115,-0.84,0.888,0.073,0,0,0.015,0,0,0,-0.851,-0.851,0,0,0,ovarian
0,0,-0.787,-0.788,-0.342,0,-0.796,0,0,0,-0.724,-0.724,0,-0.82032,0,0,-0.788,-0.788,-0.787,-0.787,0,-0.73507,0,0,0,-0.776,0,0,0.754,-0.771,0,0,0,-0.277,0,0,0,0,-0.799,-0.788,-0.814,-0.814,ovarian
0.396,0.514,0.514,-0.519,2.131,0.17,-0.653,-0.554,-0.554,0.278,0.186,0.186,0.744,-0.66337,0.914,0.914,-0.109,-0.109,0.201,0.521,-0.292,-0.74342,0.278,-1.293,-1.293,-0.264,-0.554,-0.554,0.258,0.106,-0.329,0.313,-0.677,0,0.937,1.853,-0.197,0.62,0.62,-0.192,-0.646,-0.646,ovarian
-0.119,0.313,0.313,-0.234,0.035,0,-0.518,0.315,0.315,-0.594,0.844,0,-0.119,-0.4845,0.169,0.016,0,0,0,0,0.379,-0.05227,0.327,-0.146,-0.146,0,0.213,0.213,0.379,-0.127,-0.243,0,0,-0.142,0.683,0.683,-0.513,-0.378,-0.378,-0.604,-0.204,-0.204,ovarian
0.611,0.861,0,0,0,0.52,-0.545,0,0,-0.536,0,0.594,0.611,-0.091155,-0.471,-0.471,0.5,0.337,-1.094,-0.456,0.506,0.61009,-0.536,0.569,0.569,-0.473,0,0,1.07,-0.502,-0.502,0,0,0.187,0.362,0.362,0,0,0,0.82,0.609,0.609,ovarian
0,0,0,0,0.979,0.409,-0.897,0,0,0,-0.116,0,0,-0.48386,-0.786,-0.645,0,0,0,0,-0.876,-0.84459,-0.636,0,0,-0.872,0.295,0.295,-0.876,-1.293,-1.293,-0.367,-0.367,-0.138,0.829,0.15,-0.879,1.76,0.95,-0.872,0,0,ovarian
0.564,0,0,0,0,-1.075,0,0,0,0,0,0,0.564,-0.016704,0.093,0.093,0,0,1.553,1.553,0,0.0082721,0,0,-0.553,-0.466,0,0,0,0,-0.491,-0.538,0,0,0.573,0.573,0,0,0,-0.529,0,0,ovarian
0.104,0.484,0,-0.858,-0.858,-0.869,0,0,0,0,0,0,0.104,-0.84523,0,0,-0.878,-0.878,0,0,0,-0.83922,0,-0.871,-0.871,-0.905,0,0,0,0,-0.785,0.737,0,-0.229,0,0,0,-0.853,-0.853,0,-0.847,-0.847,ovarian
0,0,0,-0.299,-0.179,-0.331,0,0,0,0.185,0,0,0,-0.83054,0,0.137,0.235,0.235,-0.272,-0.272,-0.835,-0.85162,0,-0.836,-0.836,-0.789,0,0,-0.835,-0.724,-0.724,0,0,-0.305,0.198,0.198,0,-0.234,-0.234,-0.452,-0.762,-0.762,ovarian
0,0,0,0,0,0,-0.616,0,0,0,0,0,0,-0.62217,0,0,0,0,0.517,1.139,0,0.00597,0,0,0,-0.614,0,0,0,0,-0.607,-0.629,-0.629,-0.142,0,0,0,-0.654,-0.654,0,-0.604,0,ovarian
0,0.483,0.483,-0.519,2.126,0,-0.528,0.437,0.437,-0.504,0.451,0.451,1.251,-0.0084385,0.463,0.463,0.448,0,0,0,0,-0.031632,0,0.273,0.273,-0.555,0,0,0,-0.527,-0.527,0.496,0,0,0,0,0,0,0,-0.536,-0.512,-0.499,ovarian
0,1.6,0.972,0,0,-0.604,-0.585,0.46,0,-0.621,0.938,0.144,0,-0.11365,-0.591,-0.591,0,-0.468,0,0,0,0.11961,-0.621,0.93,0.93,-0.619,0,0,0.464,-0.531,-0.531,-0.119,-0.119,0.482,1.029,0.772,-0.165,0.538,0.538,0,-0.603,-0.603,ovarian
0,0,0,0,0,0,0,0,0,0.132,0.143,-0.529,0,-0.73446,0,0,0,-0.68,-0.714,0,0,-0.67159,0.132,-0.666,-0.666,-0.681,0,0.573,0,-0.683,0,-0.709,-0.709,-0.11,0,-0.698,0,-0.693,0,0,-0.729,-0.729,ovarian
-0.225,0,0,0,0.198,0,-0.621,0.129,0.129,-0.48,-0.139,-0.139,0.203,-0.45093,0.156,0.156,0,0,-0.637,0.307,-0.115,-0.13858,-0.48,-0.581,-0.581,0,0.193,0.193,-0.115,0.431,-0.127,0,0,0,1.455,1.215,0,0.233,0.233,-0.494,-0.451,-0.451,ovarian
0,0.695,0.695,0,0,0,0,0.79,0.79,0,0.768,0,2.589,-0.092717,0.812,0.812,0,0,-0.154,1.36,0,0,0,0,0,0,1.452,0,0.834,0,0,0.865,0,0.497,1.421,1.421,0,0.804,0,-0.122,0,0,ovarian
0.431,0,0,-0.547,0,0.363,-0.164,0.453,-0.144,0,1.632,-0.162,0.431,-0.64142,0.778,-0.608,0.717,0.717,-0.643,1.055,0,-0.16217,0,-0.519,-0.519,-0.583,0.408,0.408,0.193,-0.392,-0.505,-0.6,-0.6,0,0.856,0.856,0.255,-0.251,-0.617,0,-0.245,0.23,ovarian
-0.173,1.247,0.248,-0.273,-0.001,-0.244,0.249,1.142,0.453,-0.796,1.695,1.493,1.027,-0.82447,0.352,0.352,-0.233,-0.233,-0.713,-0.29,1.104,1.4926,-0.796,0.452,-0.796,-0.794,0.492,-0.259,1.104,0.251,0.251,-0.805,-0.805,0.146,0.339,0.339,-0.281,-0.272,-0.272,0.102,-0.279,-0.279,ovarian
-0.339,1.159,0.56,0.397,0.397,-0.219,0,0.205,0.205,-0.383,-0.11,-0.11,-0.339,0.13095,0.125,-0.374,0,0,-0.582,0,0,-0.43897,0.102,-0.453,-0.453,-0.418,0,0,0,-0.384,-0.384,-0.058,-0.432,-0.211,0.393,0.393,-0.245,0,0.309,-0.285,-0.5,-0.5,ovarian
0.872,-0.812,-0.812,0,0,0,-0.825,0,0,-0.808,-0.814,-0.814,0.872,-0.84655,-0.775,-0.775,-0.93,-1.293,0,0,0,-0.81403,-0.808,-0.86,-0.86,-0.653,-0.736,-0.736,0.139,0.565,-1,0.112,0.112,-0.194,-0.311,-0.311,-0.903,0.119,0.119,-0.82,-0.824,-0.824,ovarian
-0.604,0,0,-0.178,-0.178,0,0.42,0.549,0,0,0,0,0.673,-0.53802,0,0,-0.621,-0.621,0,0,-0.612,0.058121,0,-0.609,-0.609,-0.654,0,0,-0.612,0,-0.582,-0.597,-0.597,-0.207,0,0,-0.604,0,0,0,-0.599,-0.599,ovarian
-0.277,-0.58,-0.58,-0.214,-0.214,-0.346,0.32,0.145,0.145,-0.275,0.484,-0.246,-0.277,0.029295,0.386,0.386,-0.594,0.217,0.05,0.235,-0.875,-0.27308,0.079,-0.582,-0.582,-1.207,1.022,0,-0.875,-0.572,-0.572,-0.396,0,0.418,0.601,0.601,-0.32,0.639,0.639,-0.626,0,0,ovarian
0,-0.863,-0.863,0,0,-0.406,0,0,0,0,-0.392,-0.392,0,-0.95723,-0.737,-0.737,0,0,0.455,0.455,0,-0.41399,0,-0.662,-0.879,-0.824,-0.398,-0.398,0,-0.81,-0.81,-1.293,-1.293,0.273,0.142,0.142,-0.392,-0.915,-0.915,-0.371,0,0,ovarian
0,0,0,0,0,0,0,0,0,0,0,0,0,-0.020001,-0.664,-0.664,-0.746,-0.746,0,0,0,0.045787,-0.753,-0.71,-0.71,0.147,0,0,0,-0.677,-0.677,-0.749,-0.749,-0.217,-0.723,-0.723,-0.743,-0.758,-0.758,-0.72,-0.78,-0.78,ovarian
-0.179,2.765,0.222,0,0.498,-0.244,-0.678,-0.118,-0.118,-0.568,1.334,0,1.087,-0.60127,-0.248,-0.248,0,0,-0.536,0.623,-0.129,0.070987,-0.568,-0.215,-0.215,0.349,0.846,0.846,-0.129,-0.191,-0.191,-0.139,-0.139,0,1.409,1.409,0,0.508,0.508,1.167,-0.51,-0.51,ovarian
0.447,0.412,0.412,-0.545,-0.545,0,0,0.394,0.394,-0.517,1.139,0,0.447,0.3829,0,0,-0.301,-0.301,0.097,0.644,0,-0.018057,-0.517,0,-0.472,-0.521,0,0,0.521,0.453,0.453,1.781,1.781,0.415,0.437,0,0,0.897,0.756,0,0.391,0.391,ovarian
0,0,0,-0.874,-0.034,0,-0.856,0,0,0,-0.855,-0.855,0,0.058652,0,0,-0.856,-0.856,0,1.129,-0.861,0.0081959,0,0,0,0,0,0,-0.861,-0.864,-0.864,-0.859,-0.859,-0.918,0,0,0,-0.847,-0.847,-0.852,0,0,ovarian
0,0.618,0,-0.446,0.407,-0.742,-0.868,0.729,0.729,0,0,0,0,-0.8831,0,0,-0.511,-0.252,0,0,0,0,0,-0.858,-0.858,-0.864,0,0,0,0,0,0,-0.852,-0.22,0.894,0,-0.849,0,0,0,0,0,ovarian
0.392,0.658,0.658,0,0,-0.229,0,-0.617,0,-0.607,0,0,1.193,-1.2078,-0.487,-0.311,0,0,1.265,1.91,0.121,0.061642,-0.607,-1.293,-1.293,-0.574,-0.438,-0.438,0.674,0,-0.616,-0.524,-0.524,-0.179,0,0,-0.587,-0.636,-0.636,0.109,-0.59,-0.59,ovarian
0.295,3.334,2.116,-0.507,0.368,-0.522,-0.545,-0.295,0.214,-0.596,0.381,0.381,0.732,-0.19437,0.454,0.454,-0.235,0.352,-1.09,0.904,-0.687,0.38237,-1.013,0.248,0.248,-0.638,0.573,0,0,-0.262,-0.262,0.644,-0.848,0,1.358,1.358,-0.413,-0.174,-0.553,-0.346,-0.194,-0.194,ovarian
0,0.525,0,0,0,0.447,-0.577,0.969,0,-0.544,-0.561,0,0,0.0082109,-0.419,-0.419,-0.549,-0.549,-1.113,-0.531,0,0.03031,-0.544,-0.52,-0.52,-0.501,0,0,0,-0.518,-0.518,-0.565,-0.565,0,0.212,0.212,-0.548,0,0,0,0,0,ovarian
0.16,0,-0.496,-0.533,0,-0.345,-0.563,0,0,-0.402,0.386,0.386,0.16,-1.0331,0,0,-0.71,-0.71,-0.953,0.241,0.358,-0.37621,0.309,0,0,0,0.725,0.725,0.358,-0.49,-0.49,0.306,0.117,0.221,0.147,0.147,-0.537,0,0,-0.794,0,0,ovarian
0.318,0.241,0.241,-0.696,-0.386,0.29,-0.722,0,0,-0.695,-0.191,-0.191,0.318,-0.68546,0.226,0.226,0.225,-0.474,0.347,0.347,-0.693,-0.19142,-0.112,-0.461,-0.461,-0.733,0.272,0.272,-0.453,-0.694,-0.694,-0.215,-0.693,-0.201,0.226,0.226,-0.701,0.291,-0.445,-0.709,-0.679,-0.679,ovarian
0,0.554,0.299,0,0,0,0,0.563,0.563,-0.583,0,0,0.455,-0.046448,0.686,0.686,0.557,0,0,1.462,0,0.011121,0,0,0,-0.542,0,0,0,-0.547,-0.547,0,0,-0.539,1.043,0.68,0,0.583,0,0,0.604,0,ovarian
0,0.961,0.961,-0.512,0.848,0.415,-0.396,-0.488,-0.488,-0.533,1.099,0,1.63,-0.5291,-0.566,-0.566,-0.472,-0.472,0,0,0,0,-0.533,-0.149,-0.55,-0.607,0,0,0,0,0,-0.189,-0.189,-0.567,1.003,1.312,-0.52,-0.53,-0.53,-1.077,0,0,ovarian
-0.417,0,0,-0.384,-0.384,-0.431,-0.425,0,0,-0.35,0,0,0,-0.39857,-0.415,-0.415,0,0,-0.418,0,0,0.061508,-0.35,0.155,0.155,-0.934,0.503,0.503,0,-0.425,-0.425,0,0,0.313,0.454,0.454,0,-0.395,-0.395,-0.425,-0.396,-0.396,ovarian
0.913,0.924,0.924,0.246,0.863,-0.934,-0.307,1.51,0.297,0.361,0.07,-0.263,0.913,-0.29124,0.248,0.248,0.018,0.283,-0.256,-0.256,0.412,-0.2627,0.361,-0.199,-0.199,-0.342,0.031,-0.274,0.266,0.202,-0.147,0.112,-0.253,0,0.536,0.536,0,0.183,-0.099,-0.962,-0.272,-0.272,ovarian
-0.345,0,-0.231,0,0.563,0.448,0.17,0,0,-0.481,-0.319,-0.319,-0.345,-0.42876,0.657,0.657,0,0,0.326,0.326,0.27,-0.6041,-0.358,-0.335,-0.656,-0.303,0.331,0.208,0.27,0.472,-0.249,0.336,-0.779,-0.263,0.957,0.957,0.181,0,0.528,-0.623,-0.392,-0.392,ovarian
0,0,0,0,0,0.455,-0.551,0,0,0,0,0,0,-0.018628,0,0,0,0,0.51,0.51,0,-0.051856,-0.555,-0.396,-0.396,0,0,0,0.453,0,-0.541,-0.133,-0.539,0,0,0,0.245,0.54,0,0,0,0,ovarian
0.169,0.449,0,-0.763,-0.307,0.131,0,-0.584,-0.584,-0.808,0.236,0.236,0.169,-0.93249,0.127,-0.837,-0.805,-0.805,-0.434,-0.434,-0.305,0.25012,-0.668,-0.497,-0.497,-0.32,0,0,0,-0.449,-0.826,-0.639,-0.639,-0.145,1.206,1.206,0.279,0.589,0.267,-0.823,-0.919,-0.919,ovarian
0,1.521,0,0.379,0.379,0,-0.449,0,0,-0.173,0,0,0,1.4278,0,0,0.389,0.389,-0.5,1.407,0,-0.48008,-0.417,-0.294,-0.451,-0.436,-0.479,-0.479,0,-0.465,-0.465,0,0,0,0.576,0.576,0,0,0,-0.411,0.839,0.839,ovarian
